sourceClass,method,targetClass
org_apache_activemq_broker_QueueMbeanRestartTest,org_apache_activemq_broker_QueueMbeanRestartTest_createBroker,org_apache_activemq_broker_BrokerService
org_apache_activemq_broker_scheduler_JobSchedulerTest,org_apache_activemq_broker_scheduler_JobSchedulerTest_testRemoveLong,org_apache_activemq_broker_scheduler_JobScheduler
org_apache_activemq_broker_scheduler_JobSchedulerTest,org_apache_activemq_broker_scheduler_JobSchedulerTest_testRemoveString,org_apache_activemq_broker_scheduler_JobScheduler
org_apache_activemq_broker_scheduler_JobSchedulerTest,org_apache_activemq_broker_scheduler_JobSchedulerTest_testgetAllJobs,org_apache_activemq_broker_scheduler_JobScheduler
org_apache_activemq_bugs_AMQ2580Test,org_apache_activemq_bugs_AMQ2580Test_initDurableBroker,org_apache_activemq_broker_BrokerService
org_apache_activemq_bugs_AMQ3145Test,org_apache_activemq_bugs_AMQ3145Test_createBroker,org_apache_activemq_broker_BrokerService
org_apache_activemq_bugs_AMQ4083Test,org_apache_activemq_bugs_AMQ4083Test_tearDown,org_apache_activemq_broker_BrokerService
org_apache_activemq_broker_region_SubscriptionAddRemoveQueueTest,org_apache_activemq_broker_region_SubscriptionAddRemoveQueueTest_tearDown,org_apache_activemq_broker_BrokerService
org_apache_activemq_bugs_AMQ4930Test,org_apache_activemq_bugs_AMQ4930Test_configureBroker,org_apache_activemq_broker_BrokerService
org_apache_activemq_broker_scheduler_JobSchedulerTest,org_apache_activemq_broker_scheduler_JobSchedulerTest_testgetAllJobsInRange,org_apache_activemq_broker_scheduler_JobScheduler
org_apache_activemq_broker_scheduler_JobSchedulerTest,org_apache_activemq_broker_scheduler_JobSchedulerTest_testRemoveAllJobsInRange,org_apache_activemq_broker_scheduler_JobScheduler
org_apache_activemq_broker_scheduler_JobSchedulerTestSupport,org_apache_activemq_broker_scheduler_JobSchedulerTestSupport_tearDown,org_apache_activemq_broker_BrokerService
org_apache_activemq_broker_scheduler_JobSchedulerTestSupport,org_apache_activemq_broker_scheduler_JobSchedulerTestSupport_getJobSchedulerMBean,org_apache_activemq_broker_BrokerService
org_apache_activemq_AdvisoryConsumer,org_apache_activemq_AdvisoryConsumer_AdvisoryConsumer,org_apache_activemq_command_ConsumerInfo
org_apache_activemq_RuntimeConfigTestSupport,org_apache_activemq_RuntimeConfigTestSupport_stopBroker,org_apache_activemq_broker_BrokerService
org_apache_activemq_JmsRollbackRedeliveryTest,org_apache_activemq_JmsRollbackRedeliveryTest_setUp,org_apache_activemq_broker_BrokerService
org_apache_activemq_jms_pool_PooledConnectionSecurityExceptionTest,org_apache_activemq_jms_pool_PooledConnectionSecurityExceptionTest_startBroker,org_apache_activemq_broker_BrokerService
org_apache_activemq_jms_pool_PooledConnectionSecurityExceptionTest,org_apache_activemq_jms_pool_PooledConnectionSecurityExceptionTest_stopBroker,org_apache_activemq_broker_BrokerService
org_apache_activemq_usecases_DurableSubDelayedUnsubscribeTest,org_apache_activemq_usecases_DurableSubDelayedUnsubscribeTest_startBroker,org_apache_activemq_broker_BrokerService
org_apache_activemq_transport_amqp_AmqpAndMqttTest,org_apache_activemq_transport_amqp_AmqpAndMqttTest_tearDown,org_apache_activemq_broker_BrokerService
org_apache_activemq_transport_amqp_AmqpAndStompInteropTest,org_apache_activemq_transport_amqp_AmqpAndStompInteropTest_tearDown,org_apache_activemq_broker_BrokerService
org_apache_activemq_transport_amqp_AmqpTransformerTest,org_apache_activemq_transport_amqp_AmqpTransformerTest_startBrokerWithAmqpTransport,org_apache_activemq_broker_BrokerService
org_apache_activemq_transport_amqp_JMSDurableSubNoLocalChangedTest,org_apache_activemq_transport_amqp_JMSDurableSubNoLocalChangedTest_stopBroker,org_apache_activemq_broker_BrokerService
org_apache_activemq_transport_amqp_JMSDurableSubNoLocalChangedTest,org_apache_activemq_transport_amqp_JMSDurableSubNoLocalChangedTest_createBroker,org_apache_activemq_broker_BrokerService
org_apache_activemq_transport_amqp_protocol_AmqpWireFormatTest,org_apache_activemq_transport_amqp_protocol_AmqpWireFormatTest_testWhenSaslNotAllowedNonSaslHeaderIsInvliad,org_apache_activemq_transport_amqp_AmqpWireFormat
org_apache_activemq_transport_amqp_protocol_AmqpWireFormatTest,org_apache_activemq_transport_amqp_protocol_AmqpWireFormatTest_testWhenSaslAllowedNonSaslHeaderIsValid,org_apache_activemq_transport_amqp_AmqpWireFormat
org_apache_activemq_transport_amqp_protocol_AmqpWireFormatTest,org_apache_activemq_transport_amqp_protocol_AmqpWireFormatTest_testNonSaslHeaderAfterSaslAuthenticationIsAccepted,org_apache_activemq_transport_amqp_AmqpWireFormat
org_apache_activemq_transport_amqp_client_AmqpSession,org_apache_activemq_transport_amqp_client_AmqpSession_begin,org_apache_activemq_transport_amqp_client_AmqpTransactionContext
org_apache_activemq_transport_amqp_client_AmqpSession,org_apache_activemq_transport_amqp_client_AmqpSession_commit,org_apache_activemq_transport_amqp_client_AmqpTransactionContext
org_apache_activemq_transport_amqp_client_AmqpSession,org_apache_activemq_transport_amqp_client_AmqpSession_rollback,org_apache_activemq_transport_amqp_client_AmqpTransactionContext
org_apache_activemq_transport_amqp_client_AmqpSession,org_apache_activemq_transport_amqp_client_AmqpSession_getTransactionId,org_apache_activemq_transport_amqp_client_AmqpTransactionContext
org_apache_activemq_advisory_DestinationListenerTest,org_apache_activemq_advisory_DestinationListenerTest_setUp,org_apache_activemq_ActiveMQConnection
org_apache_activemq_broker_QueueMbeanRestartTest,org_apache_activemq_broker_QueueMbeanRestartTest_restartBroker,org_apache_activemq_broker_BrokerService
org_apache_activemq_broker_LockableServiceSupport,org_apache_activemq_broker_LockableServiceSupport_stopBroker,org_apache_activemq_broker_BrokerService
org_apache_activemq_broker_ProducerBrokerExchange,org_apache_activemq_broker_ProducerBrokerExchange_getPercentageBlocked,org_apache_activemq_broker_FlowControlInfo
org_apache_activemq_broker_TransportConnection,org_apache_activemq_broker_TransportConnection_registerConnectionState,org_apache_activemq_broker_TransportConnectionStateRegister
org_apache_activemq_broker_BrokerInterceptorsTest,org_apache_activemq_broker_BrokerInterceptorsTest_setUp,org_apache_activemq_broker_BrokerService
org_apache_activemq_broker_OpenwireConnectionTest,org_apache_activemq_broker_OpenwireConnectionTest_startBroker,org_apache_activemq_broker_BrokerService
org_apache_activemq_broker_OpenwireConnectionTest,org_apache_activemq_broker_OpenwireConnectionTest_stopBroker,org_apache_activemq_broker_BrokerService
org_apache_activemq_broker_BrokerRedeliveryTest,org_apache_activemq_broker_BrokerRedeliveryTest_startBroker,org_apache_activemq_broker_BrokerService
org_apache_activemq_broker_MarshallingBrokerTest,org_apache_activemq_broker_MarshallingBrokerTest_createConnection,org_apache_activemq_wireformat_WireFormat
org_apache_activemq_broker_MarshallingBrokerTest,org_apache_activemq_broker_MarshallingBrokerTest_request,org_apache_activemq_wireformat_WireFormat
org_apache_activemq_broker_MarshallingBrokerTest,org_apache_activemq_broker_MarshallingBrokerTest_send,org_apache_activemq_wireformat_WireFormat
org_apache_activemq_broker_MarshallingBrokerTest,org_apache_activemq_broker_MarshallingBrokerTest_dispatch,org_apache_activemq_wireformat_WireFormat
org_apache_activemq_broker_RedeliveryRecoveryTest,org_apache_activemq_broker_RedeliveryRecoveryTest_restartBroker,org_apache_activemq_broker_BrokerService
org_apache_activemq_broker_RedeliveryRestartTest,org_apache_activemq_broker_RedeliveryRestartTest_restartBroker,org_apache_activemq_broker_BrokerService
org_apache_activemq_broker_RedeliveryRestartWithExceptionTest,org_apache_activemq_broker_RedeliveryRestartWithExceptionTest_restartBroker,org_apache_activemq_broker_BrokerService
org_apache_activemq_broker_jmx_JMXRemoveDurableSubscriberTest,org_apache_activemq_broker_jmx_JMXRemoveDurableSubscriberTest_setUp,org_apache_activemq_broker_BrokerService
org_apache_activemq_broker_jmx_MBeanOperationTimeoutTest,org_apache_activemq_broker_jmx_MBeanOperationTimeoutTest_tearDown,org_apache_activemq_broker_BrokerService
org_apache_activemq_broker_jmx_SelectiveMBeanRegistrationTest,org_apache_activemq_broker_jmx_SelectiveMBeanRegistrationTest_createBroker,org_apache_activemq_broker_BrokerService
org_apache_activemq_broker_jmx_TransportConnectorMBeanTest,org_apache_activemq_broker_jmx_TransportConnectorMBeanTest_createBroker,org_apache_activemq_broker_BrokerService
org_apache_activemq_broker_region_AbstractRegion,org_apache_activemq_broker_region_AbstractRegion_updateRegionDestCounts,org_apache_activemq_broker_region_RegionStatistics
org_apache_activemq_broker_region_PrefetchSubscription,org_apache_activemq_broker_region_PrefetchSubscription_dispatchPending,org_apache_activemq_broker_region_cursors_PendingMessageCursor
org_apache_activemq_broker_region_Queue,org_apache_activemq_broker_region_Queue_doPageIn,org_apache_activemq_broker_region_cursors_QueueDispatchPendingList
org_apache_activemq_broker_region_TempTopic,org_apache_activemq_broker_region_TempTopic_addSubscription,org_apache_activemq_command_ActiveMQTempDestination
org_apache_activemq_broker_region_TopicSubscription,org_apache_activemq_broker_region_TopicSubscription_removeExpiredMessages,org_apache_activemq_broker_region_cursors_PendingMessageCursor
org_apache_activemq_broker_region_TopicSubscription,org_apache_activemq_broker_region_TopicSubscription_dispatchMatched,org_apache_activemq_broker_region_cursors_PendingMessageCursor
org_apache_activemq_broker_region_DestinationGCStressTest,org_apache_activemq_broker_region_DestinationGCStressTest_tearDown,org_apache_activemq_broker_BrokerService
org_apache_activemq_broker_region_DestinationGCTest,org_apache_activemq_broker_region_DestinationGCTest_tearDown,org_apache_activemq_broker_BrokerService
org_apache_activemq_broker_region_QueueOptimizedDispatchExceptionTest,org_apache_activemq_broker_region_QueueOptimizedDispatchExceptionTest_setUp,org_apache_activemq_broker_BrokerService
org_apache_activemq_broker_region_QueueOptimizedDispatchExceptionTest,org_apache_activemq_broker_region_QueueOptimizedDispatchExceptionTest_tearDown,org_apache_activemq_broker_BrokerService
org_apache_activemq_broker_region_cursors_QueueDispatchPendingList,org_apache_activemq_broker_region_cursors_QueueDispatchPendingList_willBeInOrder,org_apache_activemq_broker_region_cursors_PendingList
org_apache_activemq_broker_region_cursors_AbstractPendingMessageCursorTest,org_apache_activemq_broker_region_cursors_AbstractPendingMessageCursorTest_setUpBroker,org_apache_activemq_broker_BrokerService
org_apache_activemq_broker_region_cursors_AbstractPendingMessageCursorTest,org_apache_activemq_broker_region_cursors_AbstractPendingMessageCursorTest_stopBroker,org_apache_activemq_broker_BrokerService
org_apache_activemq_broker_region_cursors_FilePendingMessageCursorTestSupport,org_apache_activemq_broker_region_cursors_FilePendingMessageCursorTestSupport_createBrokerWithTempStoreLimit,org_apache_activemq_broker_BrokerService
org_apache_activemq_broker_region_cursors_StoreBasedCursorTest,org_apache_activemq_broker_region_cursors_StoreBasedCursorTest_configureBroker,org_apache_activemq_broker_BrokerService
org_apache_activemq_broker_region_cursors_StoreQueueCursorOrderTest,org_apache_activemq_broker_region_cursors_StoreQueueCursorOrderTest_setUp,org_apache_activemq_broker_BrokerService
org_apache_activemq_broker_scheduler_JobSchedulerRedliveryPluginDLQStoreCleanupTest,org_apache_activemq_broker_scheduler_JobSchedulerRedliveryPluginDLQStoreCleanupTest_setUp,org_apache_activemq_broker_BrokerService
org_apache_activemq_broker_scheduler_JobSchedulerRedliveryPluginDLQStoreCleanupTest,org_apache_activemq_broker_scheduler_JobSchedulerRedliveryPluginDLQStoreCleanupTest_tearDown,org_apache_activemq_broker_BrokerService
org_apache_activemq_broker_scheduler_KahaDBSchedulerMissingJournalLogsTest,org_apache_activemq_broker_scheduler_KahaDBSchedulerMissingJournalLogsTest_tearDown,org_apache_activemq_broker_BrokerService
org_apache_activemq_broker_scheduler_KahaDBSchedulerMissingJournalLogsTest,org_apache_activemq_broker_scheduler_KahaDBSchedulerMissingJournalLogsTest_createBroker,org_apache_activemq_broker_BrokerService
org_apache_activemq_broker_scheduler_LostScheduledMessagesTest,org_apache_activemq_broker_scheduler_LostScheduledMessagesTest_startBroker,org_apache_activemq_broker_BrokerService
org_apache_activemq_broker_scheduler_ReduceMemoryFootprintTest,org_apache_activemq_broker_scheduler_ReduceMemoryFootprintTest_tearDown,org_apache_activemq_broker_BrokerService
org_apache_activemq_broker_util_DestinationsPluginTest,org_apache_activemq_broker_util_DestinationsPluginTest_shutdown,org_apache_activemq_broker_BrokerService
org_apache_activemq_broker_util_DestinationsPluginTest,org_apache_activemq_broker_util_DestinationsPluginTest_testDestinationSave,org_apache_activemq_broker_BrokerService
org_apache_activemq_broker_view_MessageBrokerView,org_apache_activemq_broker_view_MessageBrokerView_MessageBrokerView,org_apache_activemq_broker_BrokerService
org_apache_activemq_memory_CacheEntryList,org_apache_activemq_memory_CacheEntryList_CacheEntryList,org_apache_activemq_memory_CacheEntry
org_apache_activemq_memory_CacheEntryList,org_apache_activemq_memory_CacheEntryList_clear,org_apache_activemq_memory_CacheEntry
org_apache_activemq_memory_MemoryPropertyTest,org_apache_activemq_memory_MemoryPropertyTest_testBrokerInitialized,org_apache_activemq_broker_BrokerService
org_apache_activemq_network_DemandForwardingBridgeSupport,org_apache_activemq_network_DemandForwardingBridgeSupport_isDuplicateSuppressionOff,org_apache_activemq_network_NetworkBridgeConfiguration
org_apache_activemq_network_DemandForwardingBridgeSupport,org_apache_activemq_network_DemandForwardingBridgeSupport_configureConsumerPrefetch,org_apache_activemq_network_NetworkBridgeConfiguration
org_apache_activemq_network_BrokerNetworkWithStuckMessagesTest,org_apache_activemq_network_BrokerNetworkWithStuckMessagesTest_createBroker,org_apache_activemq_broker_BrokerService
org_apache_activemq_network_BrokerNetworkWithStuckMessagesTest,org_apache_activemq_network_BrokerNetworkWithStuckMessagesTest_createRemoteBroker,org_apache_activemq_broker_BrokerService
org_apache_activemq_network_BrokerNetworkWithStuckMessagesTest,org_apache_activemq_network_BrokerNetworkWithStuckMessagesTest_createSecondRemoteBroker,org_apache_activemq_broker_BrokerService
org_apache_activemq_network_CheckDuplicateMessagesOnDuplexTest,org_apache_activemq_network_CheckDuplicateMessagesOnDuplexTest_createLocalBroker,org_apache_activemq_broker_BrokerService
org_apache_activemq_network_CheckDuplicateMessagesOnDuplexTest,org_apache_activemq_network_CheckDuplicateMessagesOnDuplexTest_createRemoteBroker,org_apache_activemq_broker_BrokerService
org_apache_activemq_network_CheckDuplicateMessagesOnDuplexTest,org_apache_activemq_network_CheckDuplicateMessagesOnDuplexTest_startLocalBroker,org_apache_activemq_broker_BrokerService
org_apache_activemq_network_CheckDuplicateMessagesOnDuplexTest,org_apache_activemq_network_CheckDuplicateMessagesOnDuplexTest_startRemoteBroker,org_apache_activemq_broker_BrokerService
org_apache_activemq_network_CheckDuplicateMessagesOnDuplexTest,org_apache_activemq_network_CheckDuplicateMessagesOnDuplexTest_stopLocalBroker,org_apache_activemq_broker_BrokerService
org_apache_activemq_network_CheckDuplicateMessagesOnDuplexTest,org_apache_activemq_network_CheckDuplicateMessagesOnDuplexTest_stopRemoteBroker,org_apache_activemq_broker_BrokerService
org_apache_activemq_network_ForwardingBridgeTest,org_apache_activemq_network_ForwardingBridgeTest_setUp,org_apache_activemq_network_ForwardingBridge
org_apache_activemq_network_jms_QueueBridgeStandaloneReconnectTest,org_apache_activemq_network_jms_QueueBridgeStandaloneReconnectTest_stopLocalBroker,org_apache_activemq_broker_BrokerService
org_apache_activemq_network_jms_QueueBridgeStandaloneReconnectTest,org_apache_activemq_network_jms_QueueBridgeStandaloneReconnectTest_stopForeignBroker,org_apache_activemq_broker_BrokerService
org_apache_activemq_network_jms_TopicBridgeStandaloneReconnectTest,org_apache_activemq_network_jms_TopicBridgeStandaloneReconnectTest_stopLocalBroker,org_apache_activemq_broker_BrokerService
org_apache_activemq_network_jms_TopicBridgeStandaloneReconnectTest,org_apache_activemq_network_jms_TopicBridgeStandaloneReconnectTest_stopForeignBroker,org_apache_activemq_broker_BrokerService
org_apache_activemq_network_jms_TopicOutboundBridgeReconnectTest,org_apache_activemq_network_jms_TopicOutboundBridgeReconnectTest_getProxyToProducerBroker,org_apache_activemq_broker_BrokerService
org_apache_activemq_proxy_AMQ4889Test,org_apache_activemq_proxy_AMQ4889Test_tearDown,org_apache_activemq_broker_BrokerService
org_apache_activemq_proxy_ProxyFailoverTest,org_apache_activemq_proxy_ProxyFailoverTest_startRemoteBroker,org_apache_activemq_broker_BrokerService
org_apache_activemq_security_AuthorizationBroker,org_apache_activemq_security_AuthorizationBroker_checkDestinationAdmin,org_apache_activemq_security_AuthorizationMap
org_apache_activemq_security_AbstractCachedLDAPAuthorizationMapLegacyTest,org_apache_activemq_security_AbstractCachedLDAPAuthorizationMapLegacyTest_testRemove,org_apache_activemq_security_SimpleCachedLDAPAuthorizationMap
org_apache_activemq_security_CachedLDAPSecurityLegacyTest,org_apache_activemq_security_CachedLDAPSecurityLegacyTest_setup,org_apache_activemq_broker_BrokerService
org_apache_activemq_security_CachedLDAPSecurityLegacyTest,org_apache_activemq_security_CachedLDAPSecurityLegacyTest_shutdown,org_apache_activemq_broker_BrokerService
org_apache_activemq_security_CRLTest,org_apache_activemq_security_CRLTest_after,org_apache_activemq_broker_BrokerService
org_apache_activemq_security_LDAPAuthenticationTest,org_apache_activemq_security_LDAPAuthenticationTest_setup,org_apache_activemq_broker_BrokerService
org_apache_activemq_security_LDAPAuthenticationTest,org_apache_activemq_security_LDAPAuthenticationTest_shutdown,org_apache_activemq_broker_BrokerService
org_apache_activemq_security_LDAPAuthorizationMapTest,org_apache_activemq_security_LDAPAuthorizationMapTest_setup,org_apache_activemq_security_LDAPAuthorizationMap
org_apache_activemq_security_LDAPSecurityTest,org_apache_activemq_security_LDAPSecurityTest_setup,org_apache_activemq_broker_BrokerService
org_apache_activemq_security_LDAPSecurityTest,org_apache_activemq_security_LDAPSecurityTest_shutdown,org_apache_activemq_broker_BrokerService
org_apache_activemq_security_SecurityJMXTest,org_apache_activemq_security_SecurityJMXTest_testDeniedViaStompNoStackTrace,org_apache_activemq_broker_BrokerService
org_apache_activemq_security_TextFileCertificateLoginModuleTest,org_apache_activemq_security_TextFileCertificateLoginModuleTest_doAuthenticate,org_apache_activemq_jaas_CertificateLoginModule
org_apache_activemq_store_PersistenceAdapterTestSupport,org_apache_activemq_store_PersistenceAdapterTestSupport_testAddRemoveConsumerDest,org_apache_activemq_store_PersistenceAdapter
org_apache_activemq_store_PListTestSupport,org_apache_activemq_store_PListTestSupport_testAddLast,org_apache_activemq_store_PList
org_apache_activemq_store_PListTestSupport,org_apache_activemq_store_PListTestSupport_testAddFirst,org_apache_activemq_store_PList
org_apache_activemq_store_PListTestSupport,org_apache_activemq_store_PListTestSupport_testDestroyNonEmpty,org_apache_activemq_store_PList
org_apache_activemq_store_PListTestSupport,org_apache_activemq_store_PListTestSupport_testRemoveSecond,org_apache_activemq_store_PList
org_apache_activemq_store_PListTestSupport,org_apache_activemq_store_PListTestSupport_testRemoveSingleEntry,org_apache_activemq_store_PList
org_apache_activemq_store_PListTestSupport,org_apache_activemq_store_PListTestSupport_testRemoveSecondPosition,org_apache_activemq_store_PList
org_apache_activemq_store_AbstractMessageStoreSizeStatTest,org_apache_activemq_store_AbstractMessageStoreSizeStatTest_setUpBroker,org_apache_activemq_broker_BrokerService
org_apache_activemq_store_AbstractMessageStoreSizeStatTest,org_apache_activemq_store_AbstractMessageStoreSizeStatTest_stopBroker,org_apache_activemq_broker_BrokerService
org_apache_activemq_store_StoreOrderTest,org_apache_activemq_store_StoreOrderTest_initConnection,org_apache_activemq_ActiveMQConnection
org_apache_activemq_transport_auto_AutoSslAuthTest,org_apache_activemq_transport_auto_AutoSslAuthTest_after,org_apache_activemq_broker_BrokerService
org_apache_activemq_transport_auto_AutoTransportConfigureTest,org_apache_activemq_transport_auto_AutoTransportConfigureTest_createBroker,org_apache_activemq_broker_BrokerService
org_apache_activemq_transport_auto_AutoWireFormatConfigurationTest,org_apache_activemq_transport_auto_AutoWireFormatConfigurationTest_after,org_apache_activemq_broker_BrokerService
org_apache_activemq_usage_MemoryUsageTest,org_apache_activemq_usage_MemoryUsageTest_testLimitedWaitFail,org_apache_activemq_usage_MemoryUsage
org_apache_activemq_usage_CompositeMessageCursorUsageTest,org_apache_activemq_usage_CompositeMessageCursorUsageTest_setUp,org_apache_activemq_broker_BrokerService
org_apache_activemq_usage_PercentDiskUsageLimitTest,org_apache_activemq_usage_PercentDiskUsageLimitTest_startBroker,org_apache_activemq_broker_BrokerService
org_apache_activemq_usage_PercentDiskUsageLimitTest,org_apache_activemq_usage_PercentDiskUsageLimitTest_stopBroker,org_apache_activemq_broker_BrokerService
org_apache_activemq_usage_PeriodicDiskUsageLimitTest,org_apache_activemq_usage_PeriodicDiskUsageLimitTest_setUpBroker,org_apache_activemq_broker_BrokerService
org_apache_activemq_usage_PeriodicDiskUsageLimitTest,org_apache_activemq_usage_PeriodicDiskUsageLimitTest_startBroker,org_apache_activemq_broker_BrokerService
org_apache_activemq_usage_QueueMemoryAndStoreUsageCleanupTest,org_apache_activemq_usage_QueueMemoryAndStoreUsageCleanupTest_startBroker,org_apache_activemq_broker_BrokerService
org_apache_activemq_usage_QueueMemoryAndStoreUsageCleanupTest,org_apache_activemq_usage_QueueMemoryAndStoreUsageCleanupTest_stopBroker,org_apache_activemq_broker_BrokerService
org_apache_activemq_usage_QueueMemoryAndStoreUsageCleanupTest,org_apache_activemq_usage_QueueMemoryAndStoreUsageCleanupTest_addDestination,org_apache_activemq_broker_BrokerService
org_apache_activemq_ActiveMQMessageConsumer,org_apache_activemq_ActiveMQMessageConsumer_isDurableSubscriber,org_apache_activemq_command_ConsumerInfo
org_apache_activemq_ActiveMQQueueBrowser,org_apache_activemq_ActiveMQQueueBrowser_destroyConsumer,org_apache_activemq_ActiveMQSession
org_apache_activemq_ActiveMQSessionExecutor,org_apache_activemq_ActiveMQSessionExecutor_hasUncomsumedMessages,org_apache_activemq_MessageDispatchChannel
org_apache_activemq_ActiveMQSessionExecutor,org_apache_activemq_ActiveMQSessionExecutor_waitForQueueRestart,org_apache_activemq_MessageDispatchChannel
org_apache_activemq_ActiveMQConnectionFactoryTest,org_apache_activemq_ActiveMQConnectionFactoryTest_testCreateTcpConnectionUsingKnownLocalPort,org_apache_activemq_broker_BrokerService
org_apache_activemq_ActiveMQConnectionFactoryTest,org_apache_activemq_ActiveMQConnectionFactoryTest_assertCreateConnection,org_apache_activemq_broker_BrokerService
org_apache_activemq_ConnectionCleanupTest,org_apache_activemq_ConnectionCleanupTest_testChangeClientID,org_apache_activemq_ActiveMQConnection
org_apache_activemq_ConnectionCleanupTest,org_apache_activemq_ConnectionCleanupTest_testChangeClientIDDenied,org_apache_activemq_ActiveMQConnection
org_apache_activemq_ConnectionCloseMultipleTimesTest,org_apache_activemq_ConnectionCloseMultipleTimesTest_tearDown,org_apache_activemq_ActiveMQConnection
org_apache_activemq_ConnectionCloseMultipleTimesTest,org_apache_activemq_ConnectionCloseMultipleTimesTest_testCloseMultipleTimes,org_apache_activemq_ActiveMQConnection
org_apache_activemq_ConsumerReceiveWithTimeoutTest,org_apache_activemq_ConsumerReceiveWithTimeoutTest_testConsumerReceivePrefetchZeroRedeliveryZero,org_apache_activemq_ActiveMQConnection
org_apache_activemq_ConsumerReceiveWithTimeoutTest,org_apache_activemq_ConsumerReceiveWithTimeoutTest_createBroker,org_apache_activemq_broker_BrokerService
org_apache_activemq_ExclusiveConsumerTest,org_apache_activemq_ExclusiveConsumerTest_setUp,org_apache_activemq_broker_BrokerService
org_apache_activemq_JmsMessageConsumerTest,org_apache_activemq_JmsMessageConsumerTest_startBroker,org_apache_activemq_broker_BrokerService
org_apache_activemq_JmsQueueBrowserExpirationTest,org_apache_activemq_JmsQueueBrowserExpirationTest_startBroker,org_apache_activemq_broker_BrokerService
org_apache_activemq_JmsQueueBrowserExpirationTest,org_apache_activemq_JmsQueueBrowserExpirationTest_stopBroker,org_apache_activemq_broker_BrokerService
org_apache_activemq_RemoveDestinationTest,org_apache_activemq_RemoveDestinationTest_setUp,org_apache_activemq_broker_BrokerService
org_apache_activemq_RemoveDestinationTest,org_apache_activemq_RemoveDestinationTest_tearDown,org_apache_activemq_broker_BrokerService
org_apache_activemq_RemoveDestinationTest,org_apache_activemq_RemoveDestinationTest_destinationPresentInAdminView,org_apache_activemq_broker_BrokerService
org_apache_activemq_TcpTransportCloseConnectionTest,org_apache_activemq_TcpTransportCloseConnectionTest_startBroker,org_apache_activemq_broker_BrokerService
org_apache_activemq_TcpTransportCloseConnectionTest,org_apache_activemq_TcpTransportCloseConnectionTest_tearDown,org_apache_activemq_broker_BrokerService
org_apache_activemq_bugs_AMQ7085Test,org_apache_activemq_bugs_AMQ7085Test_setUp,org_apache_activemq_broker_BrokerService
org_apache_activemq_bugs_AMQ7085Test,org_apache_activemq_bugs_AMQ7085Test_tearDown,org_apache_activemq_broker_BrokerService
org_apache_activemq_bugs_AMQ5816Test,org_apache_activemq_bugs_AMQ5816Test_setUp,org_apache_activemq_broker_BrokerService
org_apache_activemq_bugs_AMQ5816Test,org_apache_activemq_bugs_AMQ5816Test_tearDown,org_apache_activemq_broker_BrokerService
org_apache_activemq_bugs_AMQ1853Test,org_apache_activemq_bugs_AMQ1853Test_setUp,org_apache_activemq_broker_BrokerService
org_apache_activemq_bugs_AMQ1853Test,org_apache_activemq_bugs_AMQ1853Test_tearDown,org_apache_activemq_broker_BrokerService
org_apache_activemq_bugs_AMQ2174Test,org_apache_activemq_bugs_AMQ2174Test_setUp,org_apache_activemq_broker_BrokerService
org_apache_activemq_bugs_AMQ2200Test,org_apache_activemq_bugs_AMQ2200Test_setUp,org_apache_activemq_broker_BrokerService
org_apache_activemq_bugs_AMQ2200Test,org_apache_activemq_bugs_AMQ2200Test_tearDown,org_apache_activemq_broker_BrokerService
org_apache_activemq_bugs_AMQ2213Test,org_apache_activemq_bugs_AMQ2213Test_createBroker,org_apache_activemq_broker_BrokerService
org_apache_activemq_bugs_AMQ2314Test,org_apache_activemq_bugs_AMQ2314Test_setUp,org_apache_activemq_broker_BrokerService
org_apache_activemq_bugs_AMQ2512Test,org_apache_activemq_bugs_AMQ2512Test_tearDown,org_apache_activemq_broker_BrokerService
org_apache_activemq_bugs_AMQ2513Test,org_apache_activemq_bugs_AMQ2513Test_createBroker,org_apache_activemq_broker_BrokerService
org_apache_activemq_bugs_AMQ2584ConcurrentDlqTest,org_apache_activemq_bugs_AMQ2584ConcurrentDlqTest_startBroker,org_apache_activemq_broker_BrokerService
org_apache_activemq_bugs_AMQ2584Test,org_apache_activemq_bugs_AMQ2584Test_startBroker,org_apache_activemq_broker_BrokerService
org_apache_activemq_bugs_AMQ2616Test,org_apache_activemq_bugs_AMQ2616Test_setUp,org_apache_activemq_broker_BrokerService
org_apache_activemq_bugs_AMQ2736Test,org_apache_activemq_bugs_AMQ2736Test_testRollbackOnRecover,org_apache_activemq_broker_BrokerService
org_apache_activemq_bugs_AMQ2801Test,org_apache_activemq_bugs_AMQ2801Test_setUp,org_apache_activemq_broker_BrokerService
org_apache_activemq_bugs_AMQ2832Test,org_apache_activemq_bugs_AMQ2832Test_tearDown,org_apache_activemq_broker_BrokerService
org_apache_activemq_bugs_AMQ2870Test,org_apache_activemq_bugs_AMQ2870Test_startBroker,org_apache_activemq_broker_BrokerService
org_apache_activemq_bugs_AMQ2982Test,org_apache_activemq_bugs_AMQ2982Test_setup,org_apache_activemq_broker_BrokerService
org_apache_activemq_bugs_AMQ2983Test,org_apache_activemq_bugs_AMQ2983Test_setup,org_apache_activemq_broker_BrokerService
org_apache_activemq_bugs_AMQ3120Test,org_apache_activemq_bugs_AMQ3120Test_startBroker,org_apache_activemq_broker_BrokerService
org_apache_activemq_bugs_AMQ3140Test,org_apache_activemq_bugs_AMQ3140Test_setup,org_apache_activemq_broker_BrokerService
org_apache_activemq_bugs_AMQ3141Test,org_apache_activemq_bugs_AMQ3141Test_setup,org_apache_activemq_broker_BrokerService
org_apache_activemq_bugs_AMQ3166Test,org_apache_activemq_bugs_AMQ3166Test_tearDown,org_apache_activemq_broker_BrokerService
org_apache_activemq_bugs_AMQ3324Test,org_apache_activemq_bugs_AMQ3324Test_tearDown,org_apache_activemq_broker_BrokerService
org_apache_activemq_bugs_AMQ3352Test,org_apache_activemq_bugs_AMQ3352Test_startBroker,org_apache_activemq_broker_BrokerService
org_apache_activemq_bugs_AMQ3436Test,org_apache_activemq_bugs_AMQ3436Test_setUp,org_apache_activemq_broker_BrokerService
org_apache_activemq_bugs_AMQ3436Test,org_apache_activemq_bugs_AMQ3436Test_tearDown,org_apache_activemq_broker_BrokerService
org_apache_activemq_bugs_AMQ3445Test,org_apache_activemq_bugs_AMQ3445Test_createBroker,org_apache_activemq_broker_BrokerService
org_apache_activemq_bugs_AMQ3445Test,org_apache_activemq_bugs_AMQ3445Test_tearDown,org_apache_activemq_broker_BrokerService
org_apache_activemq_bugs_AMQ3465Test,org_apache_activemq_bugs_AMQ3465Test_startBroker,org_apache_activemq_broker_BrokerService
org_apache_activemq_bugs_AMQ3465Test,org_apache_activemq_bugs_AMQ3465Test_stopBroker,org_apache_activemq_broker_BrokerService
org_apache_activemq_bugs_AMQ3529Test,org_apache_activemq_bugs_AMQ3529Test_startBroker,org_apache_activemq_broker_BrokerService
org_apache_activemq_bugs_AMQ3529Test,org_apache_activemq_bugs_AMQ3529Test_stopBroker,org_apache_activemq_broker_BrokerService
org_apache_activemq_bugs_AMQ3529v2Test,org_apache_activemq_bugs_AMQ3529v2Test_startBroker,org_apache_activemq_broker_BrokerService
org_apache_activemq_bugs_AMQ3529v2Test,org_apache_activemq_bugs_AMQ3529v2Test_stopBroker,org_apache_activemq_broker_BrokerService
org_apache_activemq_bugs_AMQ3567Test,org_apache_activemq_bugs_AMQ3567Test_startBroker,org_apache_activemq_broker_BrokerService
org_apache_activemq_bugs_AMQ3567Test,org_apache_activemq_bugs_AMQ3567Test_stopBroker,org_apache_activemq_broker_BrokerService
org_apache_activemq_bugs_AMQ3622Test,org_apache_activemq_bugs_AMQ3622Test_before,org_apache_activemq_broker_BrokerService
org_apache_activemq_bugs_AMQ3674Test,org_apache_activemq_bugs_AMQ3674Test_setUp,org_apache_activemq_broker_BrokerService
org_apache_activemq_bugs_AMQ3675Test,org_apache_activemq_bugs_AMQ3675Test_getTopicView,org_apache_activemq_broker_BrokerService
org_apache_activemq_bugs_AMQ3675Test,org_apache_activemq_bugs_AMQ3675Test_setUp,org_apache_activemq_broker_BrokerService
org_apache_activemq_bugs_AMQ3678Test,org_apache_activemq_bugs_AMQ3678Test_setUp,org_apache_activemq_broker_BrokerService
org_apache_activemq_bugs_AMQ3678Test,org_apache_activemq_bugs_AMQ3678Test_tearDown,org_apache_activemq_broker_BrokerService
org_apache_activemq_bugs_AMQ3732Test,org_apache_activemq_bugs_AMQ3732Test_startBroker,org_apache_activemq_broker_BrokerService
org_apache_activemq_bugs_AMQ3879Test,org_apache_activemq_bugs_AMQ3879Test_tearDown,org_apache_activemq_broker_BrokerService
org_apache_activemq_bugs_AMQ3903Test,org_apache_activemq_bugs_AMQ3903Test_tearDown,org_apache_activemq_broker_BrokerService
org_apache_activemq_bugs_AMQ3932Test,org_apache_activemq_bugs_AMQ3932Test_setUp,org_apache_activemq_broker_BrokerService
org_apache_activemq_bugs_AMQ3934Test,org_apache_activemq_bugs_AMQ3934Test_tearDown,org_apache_activemq_broker_BrokerService
org_apache_activemq_bugs_AMQ3961Test,org_apache_activemq_bugs_AMQ3961Test_setUp,org_apache_activemq_broker_BrokerService
org_apache_activemq_bugs_AMQ3961Test,org_apache_activemq_bugs_AMQ3961Test_tearDown,org_apache_activemq_broker_BrokerService
org_apache_activemq_bugs_AMQ3992Test,org_apache_activemq_bugs_AMQ3992Test_setUp,org_apache_activemq_broker_BrokerService
org_apache_activemq_bugs_AMQ3992Test,org_apache_activemq_bugs_AMQ3992Test_tearDown,org_apache_activemq_broker_BrokerService
org_apache_activemq_bugs_AMQ4062Test,org_apache_activemq_bugs_AMQ4062Test_startBroker,org_apache_activemq_broker_BrokerService
org_apache_activemq_bugs_AMQ4062Test,org_apache_activemq_bugs_AMQ4062Test_restartBroker,org_apache_activemq_broker_BrokerService
org_apache_activemq_bugs_AMQ4062Test,org_apache_activemq_bugs_AMQ4062Test_stopBroker,org_apache_activemq_broker_BrokerService
org_apache_activemq_bugs_AMQ4083Test,org_apache_activemq_bugs_AMQ4083Test_setUp,org_apache_activemq_broker_BrokerService
org_apache_activemq_bugs_AMQ4126Test,org_apache_activemq_bugs_AMQ4126Test_stompConnectTo,org_apache_activemq_transport_stomp_StompConnection
org_apache_activemq_bugs_AMQ4133Test,org_apache_activemq_bugs_AMQ4133Test_after,org_apache_activemq_broker_BrokerService
org_apache_activemq_bugs_AMQ4157Test,org_apache_activemq_bugs_AMQ4157Test_stopBroker,org_apache_activemq_broker_BrokerService
org_apache_activemq_bugs_AMQ4157Test,org_apache_activemq_bugs_AMQ4157Test_startBroker,org_apache_activemq_broker_BrokerService
org_apache_activemq_bugs_AMQ4212Test,org_apache_activemq_bugs_AMQ4212Test_createBroker,org_apache_activemq_broker_BrokerService
org_apache_activemq_bugs_AMQ4212Test,org_apache_activemq_bugs_AMQ4212Test_stopBroker,org_apache_activemq_broker_BrokerService
org_apache_activemq_bugs_AMQ4213Test,org_apache_activemq_bugs_AMQ4213Test_tearDown,org_apache_activemq_broker_BrokerService
org_apache_activemq_bugs_AMQ4323Test,org_apache_activemq_bugs_AMQ4323Test_startBroker,org_apache_activemq_broker_BrokerService
org_apache_activemq_bugs_AMQ4356Test,org_apache_activemq_bugs_AMQ4356Test_createBroker,org_apache_activemq_broker_BrokerService
org_apache_activemq_bugs_AMQ4356Test,org_apache_activemq_bugs_AMQ4356Test_tearDown,org_apache_activemq_broker_BrokerService
org_apache_activemq_bugs_AMQ4361Test,org_apache_activemq_bugs_AMQ4361Test_setUp,org_apache_activemq_broker_BrokerService
org_apache_activemq_bugs_AMQ4361Test,org_apache_activemq_bugs_AMQ4361Test_tearDown,org_apache_activemq_broker_BrokerService
org_apache_activemq_bugs_AMQ4368Test,org_apache_activemq_bugs_AMQ4368Test_tearDown,org_apache_activemq_broker_BrokerService
org_apache_activemq_bugs_AMQ4469Test,org_apache_activemq_bugs_AMQ4469Test_setUp,org_apache_activemq_broker_BrokerService
org_apache_activemq_bugs_AMQ4475Test,org_apache_activemq_bugs_AMQ4475Test_setUp,org_apache_activemq_broker_BrokerService
org_apache_activemq_bugs_AMQ4475Test,org_apache_activemq_bugs_AMQ4475Test_after,org_apache_activemq_broker_BrokerService
org_apache_activemq_bugs_AMQ4487Test,org_apache_activemq_bugs_AMQ4487Test_startBroker,org_apache_activemq_broker_BrokerService
org_apache_activemq_bugs_AMQ4487Test,org_apache_activemq_bugs_AMQ4487Test_stopBroker,org_apache_activemq_broker_BrokerService
org_apache_activemq_bugs_AMQ4504Test,org_apache_activemq_bugs_AMQ4504Test_setup,org_apache_activemq_broker_BrokerService
org_apache_activemq_bugs_AMQ4513Test,org_apache_activemq_bugs_AMQ4513Test_setup,org_apache_activemq_broker_BrokerService
org_apache_activemq_bugs_AMQ4517Test,org_apache_activemq_bugs_AMQ4517Test_setup,org_apache_activemq_broker_BrokerService
org_apache_activemq_bugs_AMQ4518Test,org_apache_activemq_bugs_AMQ4518Test_setup,org_apache_activemq_broker_BrokerService
org_apache_activemq_bugs_AMQ4530Test,org_apache_activemq_bugs_AMQ4530Test_tearDown,org_apache_activemq_broker_BrokerService
org_apache_activemq_bugs_AMQ4582Test,org_apache_activemq_bugs_AMQ4582Test_simpleTest,org_apache_activemq_broker_BrokerService
org_apache_activemq_bugs_AMQ4595Test,org_apache_activemq_bugs_AMQ4595Test_startBroker,org_apache_activemq_broker_BrokerService
org_apache_activemq_bugs_AMQ4595Test,org_apache_activemq_bugs_AMQ4595Test_stopBroker,org_apache_activemq_broker_BrokerService
org_apache_activemq_bugs_AMQ4636Test,org_apache_activemq_bugs_AMQ4636Test_createBroker,org_apache_activemq_broker_BrokerService
org_apache_activemq_bugs_AMQ4656Test,org_apache_activemq_bugs_AMQ4656Test_setUp,org_apache_activemq_broker_BrokerService
org_apache_activemq_bugs_AMQ4656Test,org_apache_activemq_bugs_AMQ4656Test_tearDown,org_apache_activemq_broker_BrokerService
org_apache_activemq_bugs_AMQ4671Test,org_apache_activemq_bugs_AMQ4671Test_setUp,org_apache_activemq_broker_BrokerService
org_apache_activemq_bugs_AMQ4671Test,org_apache_activemq_bugs_AMQ4671Test_tearDown,org_apache_activemq_broker_BrokerService
org_apache_activemq_bugs_AMQ4677Test,org_apache_activemq_bugs_AMQ4677Test_setUp,org_apache_activemq_broker_BrokerService
org_apache_activemq_bugs_AMQ4677Test,org_apache_activemq_bugs_AMQ4677Test_tearDown,org_apache_activemq_broker_BrokerService
org_apache_activemq_bugs_AMQ4814Test,org_apache_activemq_bugs_AMQ4814Test_setup,org_apache_activemq_broker_BrokerService
org_apache_activemq_bugs_AMQ4814Test,org_apache_activemq_bugs_AMQ4814Test_tearDown,org_apache_activemq_broker_BrokerService
org_apache_activemq_bugs_AMQ4853Test,org_apache_activemq_bugs_AMQ4853Test_setUp,org_apache_activemq_broker_BrokerService
org_apache_activemq_bugs_AMQ4853Test,org_apache_activemq_bugs_AMQ4853Test_tearDown,org_apache_activemq_broker_BrokerService
org_apache_activemq_bugs_AMQ4899Test,org_apache_activemq_bugs_AMQ4899Test_tearDown,org_apache_activemq_broker_BrokerService
org_apache_activemq_bugs_AMQ4899Test,org_apache_activemq_bugs_AMQ4899Test_setupBroker,org_apache_activemq_broker_BrokerService
org_apache_activemq_bugs_AMQ5035Test,org_apache_activemq_bugs_AMQ5035Test_setUp,org_apache_activemq_broker_BrokerService
org_apache_activemq_bugs_AMQ5035Test,org_apache_activemq_bugs_AMQ5035Test_tearDown,org_apache_activemq_broker_BrokerService
org_apache_activemq_bugs_AMQ5136Test,org_apache_activemq_bugs_AMQ5136Test_startBroker,org_apache_activemq_broker_BrokerService
org_apache_activemq_bugs_AMQ5212Test,org_apache_activemq_bugs_AMQ5212Test_start,org_apache_activemq_broker_BrokerService
org_apache_activemq_bugs_AMQ5212Test,org_apache_activemq_bugs_AMQ5212Test_verifyConsumptionOnDuplicate,org_apache_activemq_broker_BrokerService
org_apache_activemq_bugs_AMQ5266SingleDestTest,org_apache_activemq_bugs_AMQ5266SingleDestTest_startBroker,org_apache_activemq_broker_BrokerService
org_apache_activemq_bugs_AMQ5266StarvedConsumerTest,org_apache_activemq_bugs_AMQ5266StarvedConsumerTest_startBroker,org_apache_activemq_broker_BrokerService
org_apache_activemq_bugs_AMQ5893Test,org_apache_activemq_bugs_AMQ5893Test_startBroker,org_apache_activemq_broker_BrokerService
org_apache_activemq_bugs_AMQ5274Test,org_apache_activemq_bugs_AMQ5274Test_startBroker,org_apache_activemq_broker_BrokerService
org_apache_activemq_bugs_AMQ5336Test,org_apache_activemq_bugs_AMQ5336Test_before,org_apache_activemq_broker_BrokerService
org_apache_activemq_bugs_AMQ5336Test,org_apache_activemq_bugs_AMQ5336Test_after,org_apache_activemq_broker_BrokerService
org_apache_activemq_bugs_AMQ5381Test,org_apache_activemq_bugs_AMQ5381Test_startBroker,org_apache_activemq_broker_BrokerService
org_apache_activemq_bugs_AMQ5421Test,org_apache_activemq_bugs_AMQ5421Test_setUp,org_apache_activemq_broker_BrokerService
org_apache_activemq_bugs_AMQ5421Test,org_apache_activemq_bugs_AMQ5421Test_tearDown,org_apache_activemq_broker_BrokerService
org_apache_activemq_bugs_AMQ5486Test,org_apache_activemq_bugs_AMQ5486Test_setUp,org_apache_activemq_broker_BrokerService
org_apache_activemq_bugs_AMQ5814Test,org_apache_activemq_bugs_AMQ5814Test_setup,org_apache_activemq_broker_BrokerService
org_apache_activemq_bugs_AMQ5814Test,org_apache_activemq_bugs_AMQ5814Test_shutdown,org_apache_activemq_broker_BrokerService
org_apache_activemq_bugs_AMQ5822Test,org_apache_activemq_bugs_AMQ5822Test_setUp,org_apache_activemq_broker_BrokerService
org_apache_activemq_bugs_AMQ5822Test,org_apache_activemq_bugs_AMQ5822Test_tearDown,org_apache_activemq_broker_BrokerService
org_apache_activemq_bugs_AMQ5844Test,org_apache_activemq_bugs_AMQ5844Test_createMaster,org_apache_activemq_broker_BrokerService
org_apache_activemq_bugs_AMQ5863CompositePublishTest,org_apache_activemq_bugs_AMQ5863CompositePublishTest_startBroker,org_apache_activemq_broker_BrokerService
org_apache_activemq_bugs_AMQ5914Test,org_apache_activemq_bugs_AMQ5914Test_testConsumerReceivePrefetchZeroMessageExpiredInFlight,org_apache_activemq_ActiveMQConnection
org_apache_activemq_bugs_AMQ5914Test,org_apache_activemq_bugs_AMQ5914Test_createBroker,org_apache_activemq_broker_BrokerService
org_apache_activemq_bugs_AMQ5921Test,org_apache_activemq_bugs_AMQ5921Test_setUp,org_apache_activemq_broker_BrokerService
org_apache_activemq_bugs_AMQ6000Test,org_apache_activemq_bugs_AMQ6000Test_setUp,org_apache_activemq_broker_BrokerService
org_apache_activemq_bugs_AMQ6059Test,org_apache_activemq_bugs_AMQ6059Test_tearDown,org_apache_activemq_broker_BrokerService
org_apache_activemq_bugs_AMQ6059Test,org_apache_activemq_bugs_AMQ6059Test_restartBroker,org_apache_activemq_broker_BrokerService
org_apache_activemq_bugs_AMQ6094Test,org_apache_activemq_bugs_AMQ6094Test_before,org_apache_activemq_broker_BrokerService
org_apache_activemq_bugs_AMQ6094Test,org_apache_activemq_bugs_AMQ6094Test_after,org_apache_activemq_broker_BrokerService
org_apache_activemq_bugs_AMQ6117Test,org_apache_activemq_bugs_AMQ6117Test_setup,org_apache_activemq_broker_BrokerService
org_apache_activemq_bugs_AMQ6121Test,org_apache_activemq_bugs_AMQ6121Test_startBroker,org_apache_activemq_broker_BrokerService
org_apache_activemq_bugs_AMQ6122Test,org_apache_activemq_bugs_AMQ6122Test_setUp,org_apache_activemq_broker_BrokerService
org_apache_activemq_bugs_AMQ6125Test,org_apache_activemq_bugs_AMQ6125Test_setUp,org_apache_activemq_broker_BrokerService
org_apache_activemq_bugs_AMQ6125Test,org_apache_activemq_bugs_AMQ6125Test_tearDown,org_apache_activemq_broker_BrokerService
org_apache_activemq_bugs_AMQ6131Test,org_apache_activemq_bugs_AMQ6131Test_setUpBroker,org_apache_activemq_broker_BrokerService
org_apache_activemq_bugs_AMQ6131Test,org_apache_activemq_bugs_AMQ6131Test_stopBroker,org_apache_activemq_broker_BrokerService
org_apache_activemq_bugs_AMQ6133PersistJMSRedeliveryTest,org_apache_activemq_bugs_AMQ6133PersistJMSRedeliveryTest_createBroker,org_apache_activemq_broker_BrokerService
org_apache_activemq_bugs_AMQ6194Test,org_apache_activemq_bugs_AMQ6194Test_before,org_apache_activemq_broker_BrokerService
org_apache_activemq_bugs_AMQ6194Test,org_apache_activemq_bugs_AMQ6194Test_after,org_apache_activemq_broker_BrokerService
org_apache_activemq_bugs_AMQ6254Test,org_apache_activemq_bugs_AMQ6254Test_tearDown,org_apache_activemq_broker_BrokerService
org_apache_activemq_bugs_AMQ6293Test,org_apache_activemq_bugs_AMQ6293Test_before,org_apache_activemq_broker_BrokerService
org_apache_activemq_bugs_AMQ6387Test,org_apache_activemq_bugs_AMQ6387Test_setUp,org_apache_activemq_broker_BrokerService
org_apache_activemq_bugs_AMQ6432Test,org_apache_activemq_bugs_AMQ6432Test_setup,org_apache_activemq_broker_BrokerService
org_apache_activemq_bugs_AMQ6459Test,org_apache_activemq_bugs_AMQ6459Test_createBroker,org_apache_activemq_broker_BrokerService
org_apache_activemq_bugs_AMQ6522Test,org_apache_activemq_bugs_AMQ6522Test_tearDown,org_apache_activemq_broker_BrokerService
org_apache_activemq_bugs_AMQ6599Test,org_apache_activemq_bugs_AMQ6599Test_after,org_apache_activemq_broker_BrokerService
org_apache_activemq_bugs_AMQ7002Test,org_apache_activemq_bugs_AMQ7002Test_after,org_apache_activemq_broker_BrokerService
org_apache_activemq_bugs_AMQ7067Test,org_apache_activemq_bugs_AMQ7067Test_getProxyToPersistenceAdapter,org_apache_activemq_broker_BrokerService
org_apache_activemq_bugs_DuplicateFromStoreTest,org_apache_activemq_bugs_DuplicateFromStoreTest_startBroker,org_apache_activemq_broker_BrokerService
org_apache_activemq_bugs_MemoryUsageCleanupTest,org_apache_activemq_bugs_MemoryUsageCleanupTest_setUp,org_apache_activemq_broker_BrokerService
org_apache_activemq_bugs_MessageExpirationReaperTest,org_apache_activemq_bugs_MessageExpirationReaperTest_createBroker,org_apache_activemq_broker_BrokerService
org_apache_activemq_bugs_MessageExpiryClientSideTest,org_apache_activemq_bugs_MessageExpiryClientSideTest_testConsumerReceivePrefetchOneRedeliveryZero,org_apache_activemq_ActiveMQConnection
org_apache_activemq_bugs_MessageExpiryClientSideTest,org_apache_activemq_bugs_MessageExpiryClientSideTest_testConsumerReceivePrefetchZeroRedeliveryZero,org_apache_activemq_ActiveMQConnection
org_apache_activemq_bugs_MessageExpiryClientSideTest,org_apache_activemq_bugs_MessageExpiryClientSideTest_testQueueBrowserPrefetchZeroRedeliveryZero,org_apache_activemq_ActiveMQConnection
org_apache_activemq_bugs_MessageExpiryClientSideTest,org_apache_activemq_bugs_MessageExpiryClientSideTest_testQueueBrowserPrefetchOneRedeliveryZero,org_apache_activemq_ActiveMQConnection
org_apache_activemq_bugs_MissingDataFileTest,org_apache_activemq_bugs_MissingDataFileTest_startBroker,org_apache_activemq_broker_BrokerService
org_apache_activemq_bugs_OptimizeAcknowledgeWithExpiredMsgsTest,org_apache_activemq_bugs_OptimizeAcknowledgeWithExpiredMsgsTest_tearDown,org_apache_activemq_broker_BrokerService
org_apache_activemq_bugs_QueueWorkerPrefetchTest,org_apache_activemq_bugs_QueueWorkerPrefetchTest_setUp,org_apache_activemq_broker_BrokerService
org_apache_activemq_bugs_QueueWorkerPrefetchTest,org_apache_activemq_bugs_QueueWorkerPrefetchTest_tearDown,org_apache_activemq_broker_BrokerService
org_apache_activemq_bugs_RawRollbackSharedConsumerTests,org_apache_activemq_bugs_RawRollbackSharedConsumerTests_clean,org_apache_activemq_broker_BrokerService
org_apache_activemq_bugs_RawRollbackTests,org_apache_activemq_bugs_RawRollbackTests_clean,org_apache_activemq_broker_BrokerService
org_apache_activemq_bugs_TempStorageConfigBrokerTest,org_apache_activemq_bugs_TempStorageConfigBrokerTest_createBrokerWithValidTempStoreConfig,org_apache_activemq_broker_BrokerService
org_apache_activemq_bugs_TempStorageConfigBrokerTest,org_apache_activemq_bugs_TempStorageConfigBrokerTest_createBrokerWithInvalidTempStoreConfig,org_apache_activemq_broker_BrokerService
org_apache_activemq_bugs_TempStoreDataCleanupTest,org_apache_activemq_bugs_TempStoreDataCleanupTest_setUp,org_apache_activemq_broker_BrokerService
org_apache_activemq_bugs_TransactedStoreUsageSuspendResumeTest,org_apache_activemq_bugs_TransactedStoreUsageSuspendResumeTest_setup,org_apache_activemq_broker_BrokerService
org_apache_activemq_bugs_TransactionNotStartedErrorTest,org_apache_activemq_bugs_TransactionNotStartedErrorTest_startBroker,org_apache_activemq_broker_BrokerService
org_apache_activemq_bugs_VerifySteadyEnqueueRate,org_apache_activemq_bugs_VerifySteadyEnqueueRate_startBroker,org_apache_activemq_broker_BrokerService
org_apache_activemq_openwire_OpenWireConnectionTimeoutTest,org_apache_activemq_openwire_OpenWireConnectionTimeoutTest_stopBroker,org_apache_activemq_broker_BrokerService
org_apache_activemq_openwire_WireFormatInfoPropertiesTest,org_apache_activemq_openwire_WireFormatInfoPropertiesTest_before,org_apache_activemq_broker_BrokerService
org_apache_activemq_openwire_WireFormatInfoPropertiesTest,org_apache_activemq_openwire_WireFormatInfoPropertiesTest_after,org_apache_activemq_broker_BrokerService
org_apache_activemq_thread_SchedulerTest,org_apache_activemq_thread_SchedulerTest_testExecutePeriodicallyReplace,org_apache_activemq_thread_Scheduler
org_apache_activemq_transport_failover_AMQ1925Test,org_apache_activemq_transport_failover_AMQ1925Test_run,org_apache_activemq_broker_BrokerService
org_apache_activemq_transport_failover_FailoverConsumerOutstandingCommitTest,org_apache_activemq_transport_failover_FailoverConsumerOutstandingCommitTest_createBroker,org_apache_activemq_broker_BrokerService
org_apache_activemq_transport_failover_FailoverConsumerUnconsumedTest,org_apache_activemq_transport_failover_FailoverConsumerUnconsumedTest_createBroker,org_apache_activemq_broker_BrokerService
org_apache_activemq_transport_failover_FailoverDuplicateTest,org_apache_activemq_transport_failover_FailoverDuplicateTest_createBroker,org_apache_activemq_broker_BrokerService
org_apache_activemq_transport_failover_FailoverPrefetchZeroTest,org_apache_activemq_transport_failover_FailoverPrefetchZeroTest_createBroker,org_apache_activemq_broker_BrokerService
org_apache_activemq_transport_failover_FailoverTimeoutTest,org_apache_activemq_transport_failover_FailoverTimeoutTest_setUp,org_apache_activemq_broker_BrokerService
org_apache_activemq_transport_failover_FailoverTimeoutTest,org_apache_activemq_transport_failover_FailoverTimeoutTest_testTimeout,org_apache_activemq_broker_BrokerService
org_apache_activemq_transport_failover_FailoverTransactionTest,org_apache_activemq_transport_failover_FailoverTransactionTest_createBroker,org_apache_activemq_broker_BrokerService
org_apache_activemq_transport_failover_FailoverTxSlowAckTest,org_apache_activemq_transport_failover_FailoverTxSlowAckTest_createBroker,org_apache_activemq_broker_BrokerService
org_apache_activemq_transport_failover_FailoverXATransactionTest,org_apache_activemq_transport_failover_FailoverXATransactionTest_stopBroker,org_apache_activemq_broker_BrokerService
org_apache_activemq_transport_failover_FailoverXATransactionTest,org_apache_activemq_transport_failover_FailoverXATransactionTest_createBroker,org_apache_activemq_broker_BrokerService
org_apache_activemq_transport_tcp_SslTransportServerTest,org_apache_activemq_transport_tcp_SslTransportServerTest_createAndBindTransportServer,org_apache_activemq_transport_tcp_SslTransportServer
org_apache_activemq_transport_tcp_TcpTransportCloseSocketTest,org_apache_activemq_transport_tcp_TcpTransportCloseSocketTest_after,org_apache_activemq_broker_BrokerService
org_apache_activemq_transport_ws_StompWSSubProtocolTest,org_apache_activemq_transport_ws_StompWSSubProtocolTest_assertSubProtocol,org_apache_activemq_transport_ws_StompWSConnection
org_apache_activemq_transport_ws_StompWSTransportTest,org_apache_activemq_transport_ws_StompWSTransportTest_testConnectWithVersionOptions,org_apache_activemq_transport_ws_StompWSConnection
org_apache_activemq_transport_ws_StompWSTransportTest,org_apache_activemq_transport_ws_StompWSTransportTest_testEscapedHeaders,org_apache_activemq_transport_ws_StompWSConnection
org_apache_activemq_transport_ws_WSTransportLinkStealingTest,org_apache_activemq_transport_ws_WSTransportLinkStealingTest_testBrokerStart,org_apache_activemq_broker_BrokerService
org_apache_activemq_transport_ws_WSTransportTestSupport,org_apache_activemq_transport_ws_WSTransportTestSupport_stopBroker,org_apache_activemq_broker_BrokerService
org_apache_activemq_console_DstatCommandTest,org_apache_activemq_console_DstatCommandTest_createBroker,org_apache_activemq_broker_BrokerService
org_apache_activemq_console_PurgeCommandTest,org_apache_activemq_console_PurgeCommandTest_createBroker,org_apache_activemq_broker_BrokerService
org_apache_activemq_console_QueryCommandTest,org_apache_activemq_console_QueryCommandTest_createBroker,org_apache_activemq_broker_BrokerService
org_apache_activemq_transport_discovery_http_HttpDiscoveryTest,org_apache_activemq_transport_discovery_http_HttpDiscoveryTest_setUp,org_apache_activemq_broker_BrokerService
org_apache_activemq_transport_http_HttpClientReconnectTest,org_apache_activemq_transport_http_HttpClientReconnectTest_setUp,org_apache_activemq_broker_BrokerService
org_apache_activemq_transport_http_HttpJettyConfigurationTest,org_apache_activemq_transport_http_HttpJettyConfigurationTest_setUp,org_apache_activemq_broker_BrokerService
org_apache_activemq_transport_http_HttpPullConsumerTest,org_apache_activemq_transport_http_HttpPullConsumerTest_stopBroker,org_apache_activemq_broker_BrokerService
org_apache_activemq_transport_http_HttpSendCompressedMessagesTest,org_apache_activemq_transport_http_HttpSendCompressedMessagesTest_shutDown,org_apache_activemq_broker_BrokerService
org_apache_activemq_transport_http_HttpTransportConnectTimeoutTest,org_apache_activemq_transport_http_HttpTransportConnectTimeoutTest_setUp,org_apache_activemq_broker_BrokerService
org_apache_activemq_transport_http_HttpTransportHttpTraceTest,org_apache_activemq_transport_http_HttpTransportHttpTraceTest_setUp,org_apache_activemq_broker_BrokerService
org_apache_activemq_transport_wss_WSSTransportNeedClientAuthTest,org_apache_activemq_transport_wss_WSSTransportNeedClientAuthTest_tearDown,org_apache_activemq_broker_BrokerService
org_apache_activemq_store_jdbc_JDBCConcurrentDLQTest,org_apache_activemq_store_jdbc_JDBCConcurrentDLQTest_createBroker,org_apache_activemq_broker_BrokerService
org_apache_activemq_store_jdbc_JDBCPersistenceAdapterExpiredMessageTest,org_apache_activemq_store_jdbc_JDBCPersistenceAdapterExpiredMessageTest_stop,org_apache_activemq_broker_BrokerService
org_apache_activemq_store_jdbc_JDBCTablePrefixAssignedTest,org_apache_activemq_store_jdbc_JDBCTablePrefixAssignedTest_tearDown,org_apache_activemq_broker_BrokerService
org_apache_activemq_jms_pool_ConnectionExpiryEvictsFromPoolTest,org_apache_activemq_jms_pool_ConnectionExpiryEvictsFromPoolTest_testEvictionOfIdle,org_apache_activemq_jms_pool_PooledConnectionFactory
org_apache_activemq_jms_pool_ConnectionExpiryEvictsFromPoolTest,org_apache_activemq_jms_pool_ConnectionExpiryEvictsFromPoolTest_testEvictionOfExpired,org_apache_activemq_jms_pool_PooledConnectionFactory
org_apache_activemq_jms_pool_ConnectionExpiryEvictsFromPoolTest,org_apache_activemq_jms_pool_ConnectionExpiryEvictsFromPoolTest_testNotIdledWhenInUse,org_apache_activemq_jms_pool_PooledConnectionFactory
org_apache_activemq_jms_pool_JmsPoolTestSupport,org_apache_activemq_jms_pool_JmsPoolTestSupport_getProxyToBroker,org_apache_activemq_broker_BrokerService
org_apache_activemq_jms_pool_JmsPoolTestSupport,org_apache_activemq_jms_pool_JmsPoolTestSupport_getProxyToConnectionView,org_apache_activemq_broker_BrokerService
org_apache_activemq_jms_pool_PooledSessionTest,org_apache_activemq_jms_pool_PooledSessionTest_testRepeatedCreateSessionProducerResultsInSame,org_apache_activemq_jms_pool_PooledConnectionFactory
org_apache_activemq_store_kahadb_MessageOrderIndex,org_apache_activemq_store_kahadb_MessageOrderIndex_alreadyDispatched,org_apache_activemq_store_kahadb_MessageOrderCursor
org_apache_activemq_store_kahadb_MultiKahaDBTransactionStore,org_apache_activemq_store_kahadb_MultiKahaDBTransactionStore_store,org_apache_activemq_store_kahadb_disk_journal_Journal
org_apache_activemq_store_kahadb_AMQ5626Test,org_apache_activemq_store_kahadb_AMQ5626Test_createBroker,org_apache_activemq_broker_BrokerService
org_apache_activemq_store_kahadb_AMQ5626Test,org_apache_activemq_store_kahadb_AMQ5626Test_stopRestartBroker,org_apache_activemq_broker_BrokerService
org_apache_activemq_store_kahadb_ErrorOnFutureSendTest,org_apache_activemq_store_kahadb_ErrorOnFutureSendTest_startBroker,org_apache_activemq_broker_BrokerService
org_apache_activemq_store_kahadb_ErrorOnFutureSendTest,org_apache_activemq_store_kahadb_ErrorOnFutureSendTest_tearDown,org_apache_activemq_broker_BrokerService
org_apache_activemq_store_kahadb_JournalArchiveTest,org_apache_activemq_store_kahadb_JournalArchiveTest_doCreateBroker,org_apache_activemq_broker_BrokerService
org_apache_activemq_store_kahadb_JournalArchiveTest,org_apache_activemq_store_kahadb_JournalArchiveTest_configurePersistence,org_apache_activemq_store_kahadb_KahaDBPersistenceAdapter
org_apache_activemq_store_kahadb_JournalArchiveTest,org_apache_activemq_store_kahadb_JournalArchiveTest_tearDown,org_apache_activemq_broker_BrokerService
org_apache_activemq_store_kahadb_JournalCorruptionEofIndexRecoveryTest,org_apache_activemq_store_kahadb_JournalCorruptionEofIndexRecoveryTest_configurePersistence,org_apache_activemq_store_kahadb_KahaDBPersistenceAdapter
org_apache_activemq_store_kahadb_JournalCorruptionEofIndexRecoveryTest,org_apache_activemq_store_kahadb_JournalCorruptionEofIndexRecoveryTest_tearDown,org_apache_activemq_broker_BrokerService
org_apache_activemq_store_kahadb_JournalCorruptionExceptionTest,org_apache_activemq_store_kahadb_JournalCorruptionExceptionTest_doStartBroker,org_apache_activemq_broker_BrokerService
org_apache_activemq_store_kahadb_JournalCorruptionExceptionTest,org_apache_activemq_store_kahadb_JournalCorruptionExceptionTest_tearDown,org_apache_activemq_broker_BrokerService
org_apache_activemq_store_kahadb_JournalCorruptionIndexRecoveryTest,org_apache_activemq_store_kahadb_JournalCorruptionIndexRecoveryTest_configurePersistence,org_apache_activemq_store_kahadb_KahaDBPersistenceAdapter
org_apache_activemq_store_kahadb_JournalCorruptionIndexRecoveryTest,org_apache_activemq_store_kahadb_JournalCorruptionIndexRecoveryTest_tearDown,org_apache_activemq_broker_BrokerService
org_apache_activemq_store_kahadb_JournalFdRecoveryTest,org_apache_activemq_store_kahadb_JournalFdRecoveryTest_doCreateBroker,org_apache_activemq_broker_BrokerService
org_apache_activemq_store_kahadb_JournalFdRecoveryTest,org_apache_activemq_store_kahadb_JournalFdRecoveryTest_configurePersistence,org_apache_activemq_store_kahadb_KahaDBPersistenceAdapter
org_apache_activemq_store_kahadb_JournalFdRecoveryTest,org_apache_activemq_store_kahadb_JournalFdRecoveryTest_tearDown,org_apache_activemq_broker_BrokerService
org_apache_activemq_store_kahadb_JournalMetaDataCheckpointTest,org_apache_activemq_store_kahadb_JournalMetaDataCheckpointTest_doCreateBroker,org_apache_activemq_broker_BrokerService
org_apache_activemq_store_kahadb_JournalMetaDataCheckpointTest,org_apache_activemq_store_kahadb_JournalMetaDataCheckpointTest_configurePersistence,org_apache_activemq_store_kahadb_KahaDBPersistenceAdapter
org_apache_activemq_store_kahadb_JournalMetaDataCheckpointTest,org_apache_activemq_store_kahadb_JournalMetaDataCheckpointTest_tearDown,org_apache_activemq_broker_BrokerService
org_apache_activemq_store_kahadb_KahaDBStoreOpenWireVersionTest,org_apache_activemq_store_kahadb_KahaDBStoreOpenWireVersionTest_createBroker,org_apache_activemq_broker_BrokerService
org_apache_activemq_store_kahadb_KahaDBStoreOpenWireVersionTest,org_apache_activemq_store_kahadb_KahaDBStoreOpenWireVersionTest_stopBroker,org_apache_activemq_broker_BrokerService
org_apache_activemq_store_kahadb_MessageDatabaseSizeTest,org_apache_activemq_store_kahadb_MessageDatabaseSizeTest_startBroker,org_apache_activemq_broker_BrokerService
org_apache_activemq_store_kahadb_MessageDatabaseSizeTest,org_apache_activemq_store_kahadb_MessageDatabaseSizeTest_tearDown,org_apache_activemq_broker_BrokerService
org_apache_activemq_store_kahadb_AbstractMultiKahaDBDeletionTest,org_apache_activemq_store_kahadb_AbstractMultiKahaDBDeletionTest_setUpBroker,org_apache_activemq_broker_BrokerService
org_apache_activemq_store_kahadb_AbstractMultiKahaDBDeletionTest,org_apache_activemq_store_kahadb_AbstractMultiKahaDBDeletionTest_stopBroker,org_apache_activemq_broker_BrokerService
org_apache_activemq_store_kahadb_KahaDBDeleteLockTest,org_apache_activemq_store_kahadb_KahaDBDeleteLockTest_createMaster,org_apache_activemq_broker_BrokerService
org_apache_activemq_store_kahadb_KahaDBDeleteLockTest,org_apache_activemq_store_kahadb_KahaDBDeleteLockTest_stopBrokerJustInCase,org_apache_activemq_broker_BrokerService
org_apache_activemq_store_kahadb_KahaDBDurableMessageRecoveryTest,org_apache_activemq_store_kahadb_KahaDBDurableMessageRecoveryTest_stopBroker,org_apache_activemq_broker_BrokerService
org_apache_activemq_store_kahadb_KahaDBDurableMessageRecoveryTest,org_apache_activemq_store_kahadb_KahaDBDurableMessageRecoveryTest_startBroker,org_apache_activemq_broker_BrokerService
org_apache_activemq_store_kahadb_KahaDBFastEnqueueTest,org_apache_activemq_store_kahadb_KahaDBFastEnqueueTest_stopBroker,org_apache_activemq_broker_BrokerService
org_apache_activemq_store_kahadb_KahaDBFastEnqueueTest,org_apache_activemq_store_kahadb_KahaDBFastEnqueueTest_startBroker,org_apache_activemq_store_kahadb_KahaDBPersistenceAdapter
org_apache_activemq_store_kahadb_KahaDBIndexLocationTest,org_apache_activemq_store_kahadb_KahaDBIndexLocationTest_stopBroker,org_apache_activemq_broker_BrokerService
org_apache_activemq_store_kahadb_KahaDBIndexLocationTest,org_apache_activemq_store_kahadb_KahaDBIndexLocationTest_createBroker,org_apache_activemq_broker_BrokerService
org_apache_activemq_store_kahadb_KahaDBStoreRecoveryExpiryTest,org_apache_activemq_store_kahadb_KahaDBStoreRecoveryExpiryTest_stopBroker,org_apache_activemq_broker_BrokerService
org_apache_activemq_store_kahadb_KahaDBVersionTest,org_apache_activemq_store_kahadb_KahaDBVersionTest_createBroker,org_apache_activemq_broker_BrokerService
org_apache_activemq_store_kahadb_MKahaDBIndexLocationTest,org_apache_activemq_store_kahadb_MKahaDBIndexLocationTest_startBroker,org_apache_activemq_broker_BrokerService
org_apache_activemq_store_kahadb_MKahaDBIndexLocationTest,org_apache_activemq_store_kahadb_MKahaDBIndexLocationTest_stopBroker,org_apache_activemq_broker_BrokerService
org_apache_activemq_store_kahadb_MKahaDBIndexLocationTest,org_apache_activemq_store_kahadb_MKahaDBIndexLocationTest_createBroker,org_apache_activemq_broker_BrokerService
org_apache_activemq_store_kahadb_MKahaDBStoreLimitTest,org_apache_activemq_store_kahadb_MKahaDBStoreLimitTest_stopBroker,org_apache_activemq_broker_BrokerService
org_apache_activemq_store_kahadb_MKahaDBStoreLimitTest,org_apache_activemq_store_kahadb_MKahaDBStoreLimitTest_createBroker,org_apache_activemq_broker_BrokerService
org_apache_activemq_store_kahadb_SubscriptionRecoveryTest,org_apache_activemq_store_kahadb_SubscriptionRecoveryTest_createBroker,org_apache_activemq_broker_BrokerService
org_apache_activemq_store_kahadb_SubscriptionRecoveryTest,org_apache_activemq_store_kahadb_SubscriptionRecoveryTest_stopBroker,org_apache_activemq_broker_BrokerService
org_apache_activemq_store_kahadb_disk_index_Marshaller,org_apache_activemq_store_kahadb_disk_index_Marshaller_writePayload,org_apache_activemq_store_kahadb_disk_index_BTreeIndex
org_apache_activemq_store_kahadb_disk_index_Marshaller,org_apache_activemq_store_kahadb_disk_index_Marshaller_readPayload,org_apache_activemq_store_kahadb_disk_index_BTreeIndex
org_apache_activemq_store_kahadb_disk_journal_DataFileAccessor,org_apache_activemq_store_kahadb_disk_journal_DataFileAccessor_readRecord,org_apache_activemq_util_RecoverableRandomAccessFile
org_apache_activemq_store_kahadb_disk_journal_DataFileAccessor,org_apache_activemq_store_kahadb_disk_journal_DataFileAccessor_readFully,org_apache_activemq_util_RecoverableRandomAccessFile
org_apache_activemq_store_kahadb_disk_journal_DataFileAccessor,org_apache_activemq_store_kahadb_disk_journal_DataFileAccessor_read,org_apache_activemq_util_RecoverableRandomAccessFile
org_apache_activemq_store_kahadb_disk_journal_DataFileAccessor,org_apache_activemq_store_kahadb_disk_journal_DataFileAccessor_readLocationDetails,org_apache_activemq_util_RecoverableRandomAccessFile
org_apache_activemq_store_kahadb_disk_journal_DataFileAccessor,org_apache_activemq_store_kahadb_disk_journal_DataFileAccessor_updateRecord,org_apache_activemq_util_RecoverableRandomAccessFile
org_apache_activemq_store_kahadb_disk_journal_JournalMaxFileLengthChangeTest,org_apache_activemq_store_kahadb_disk_journal_JournalMaxFileLengthChangeTest_createStore,org_apache_activemq_store_kahadb_KahaDBStore
org_apache_activemq_store_kahadb_disk_journal_JournalTest,org_apache_activemq_store_kahadb_disk_journal_JournalTest_testBatchWriteCallbackCompleteAfterClose,org_apache_activemq_store_kahadb_disk_journal_Journal
org_apache_activemq_store_kahadb_disk_journal_JournalTest,org_apache_activemq_store_kahadb_disk_journal_JournalTest_testBatchWriteCompleteAfterClose,org_apache_activemq_store_kahadb_disk_journal_Journal
org_apache_activemq_store_kahadb_disk_journal_JournalTest,org_apache_activemq_store_kahadb_disk_journal_JournalTest_testNoBatchWriteWithSync,org_apache_activemq_store_kahadb_disk_journal_Journal
org_apache_activemq_store_kahadb_disk_page_Transaction,org_apache_activemq_store_kahadb_disk_page_Transaction_openInputStream,org_apache_activemq_util_ByteSequence
org_apache_activemq_store_kahadb_disk_page_Transaction,org_apache_activemq_store_kahadb_disk_page_Transaction_read,org_apache_activemq_util_ByteSequence
org_apache_activemq_store_kahadb_disk_page_Transaction,org_apache_activemq_store_kahadb_disk_page_Transaction_skip,org_apache_activemq_util_ByteSequence
org_apache_activemq_store_kahadb_disk_page_Transaction,org_apache_activemq_store_kahadb_disk_page_Transaction_available,org_apache_activemq_util_ByteSequence
org_apache_activemq_store_kahadb_disk_util_SequenceSet,org_apache_activemq_store_kahadb_disk_util_SequenceSet_next,org_apache_activemq_store_kahadb_disk_util_Sequence
org_apache_activemq_store_kahadb_disk_util_SequenceIterator,org_apache_activemq_store_kahadb_disk_util_SequenceIterator_next,org_apache_activemq_store_kahadb_disk_util_Sequence
org_apache_activemq_store_kahadb_plist_PListTest,org_apache_activemq_store_kahadb_plist_PListTest_testAddLast,org_apache_activemq_store_kahadb_plist_PListImpl
org_apache_activemq_store_kahadb_plist_PListTest,org_apache_activemq_store_kahadb_plist_PListTest_testAddFirst,org_apache_activemq_store_kahadb_plist_PListImpl
org_apache_activemq_store_kahadb_plist_PListTest,org_apache_activemq_store_kahadb_plist_PListTest_doTestRemove,org_apache_activemq_store_kahadb_plist_PListImpl
org_apache_activemq_store_kahadb_plist_PListTest,org_apache_activemq_store_kahadb_plist_PListTest_testDestroyNonEmpty,org_apache_activemq_store_kahadb_plist_PListImpl
org_apache_activemq_store_kahadb_plist_PListTest,org_apache_activemq_store_kahadb_plist_PListTest_testRemoveSecond,org_apache_activemq_store_kahadb_plist_PListImpl
org_apache_activemq_store_kahadb_plist_PListTest,org_apache_activemq_store_kahadb_plist_PListTest_testRemoveSingleEntry,org_apache_activemq_store_kahadb_plist_PListImpl
org_apache_activemq_store_kahadb_plist_PListTest,org_apache_activemq_store_kahadb_plist_PListTest_testRemoveSecondPosition,org_apache_activemq_store_kahadb_plist_PListImpl
org_apache_activemq_store_kahadb_plist_PListTest,org_apache_activemq_store_kahadb_plist_PListTest_testOverFlow,org_apache_activemq_store_kahadb_plist_PListStoreImpl
org_apache_activemq_store_kahadb_plist_PListTest,org_apache_activemq_store_kahadb_plist_PListTest_testConcurrentAddRemoveWithPreload,org_apache_activemq_store_kahadb_plist_PListStoreImpl
org_apache_activemq_store_kahadb_plist_PListTest,org_apache_activemq_store_kahadb_plist_PListTest_testConcurrentAddIterate,org_apache_activemq_store_kahadb_plist_PListStoreImpl
org_apache_activemq_leveldb_test_PListTest,org_apache_activemq_leveldb_test_PListTest_setUp,org_apache_activemq_broker_BrokerService
org_apache_activemq_leveldb_test_PListTest,org_apache_activemq_leveldb_test_PListTest_tearDown,org_apache_activemq_broker_BrokerService
org_apache_activemq_leveldb_test_PListTest,org_apache_activemq_leveldb_test_PListTest_testBrokerStop,org_apache_activemq_broker_BrokerService
org_apache_activemq_transport_mqtt_MQTTSubscription,org_apache_activemq_transport_mqtt_MQTTSubscription_createPublish,org_apache_activemq_transport_mqtt_MQTTProtocolConverter
org_apache_activemq_transport_mqtt_MQTTOverlapedSubscriptionsTest,org_apache_activemq_transport_mqtt_MQTTOverlapedSubscriptionsTest_shutdown,org_apache_activemq_broker_BrokerService
org_apache_activemq_transport_mqtt_MQTTOverlapedSubscriptionsTest,org_apache_activemq_transport_mqtt_MQTTOverlapedSubscriptionsTest_initializeBroker,org_apache_activemq_broker_BrokerService
org_apache_activemq_transport_mqtt_MQTTTestSupport,org_apache_activemq_transport_mqtt_MQTTTestSupport_stopBroker,org_apache_activemq_broker_BrokerService
org_apache_activemq_pool_ConfigFromPropsTest,org_apache_activemq_pool_ConfigFromPropsTest_testBrokerUrlForRarAdminObject,org_apache_activemq_pool_XaPooledConnectionFactory
org_apache_activemq_pool_ConnectionFailureEvictsFromPoolTest,org_apache_activemq_pool_ConnectionFailureEvictsFromPoolTest_setUp,org_apache_activemq_broker_BrokerService
org_apache_activemq_pool_PooledConsumerTest,org_apache_activemq_pool_PooledConsumerTest_startBroker,org_apache_activemq_broker_BrokerService
org_apache_activemq_pool_PooledConsumerTest,org_apache_activemq_pool_PooledConsumerTest_stopBroker,org_apache_activemq_broker_BrokerService
org_apache_activemq_ra_ActiveMQManagedConnection,org_apache_activemq_ra_ActiveMQManagedConnection_getMetaData,org_apache_activemq_ActiveMQConnection
org_apache_activemq_ra_ActiveMQActivationSpecTest,org_apache_activemq_ra_ActiveMQActivationSpecTest_testSuccessfulCreateQueueDestination,org_apache_activemq_ra_ActiveMQActivationSpec
org_apache_activemq_ra_ActiveMQActivationSpecTest,org_apache_activemq_ra_ActiveMQActivationSpecTest_testSuccessfulCreateTopicDestination,org_apache_activemq_ra_ActiveMQActivationSpec
org_apache_activemq_ra_ActiveMQActivationSpecTest,org_apache_activemq_ra_ActiveMQActivationSpecTest_testCreateDestinationIncorrectType,org_apache_activemq_ra_ActiveMQActivationSpec
org_apache_activemq_ra_ActiveMQActivationSpecTest,org_apache_activemq_ra_ActiveMQActivationSpecTest_testCreateDestinationIncorrectDestinationName,org_apache_activemq_ra_ActiveMQActivationSpec
org_apache_activemq_ra_ActiveMQActivationSpecTest,org_apache_activemq_ra_ActiveMQActivationSpecTest_testDefaultAcknowledgeModeSetCorrectly,org_apache_activemq_ra_ActiveMQActivationSpec
org_apache_activemq_ra_ActiveMQActivationSpecTest,org_apache_activemq_ra_ActiveMQActivationSpecTest_testValidDurableSubscriber,org_apache_activemq_ra_ActiveMQActivationSpec
org_apache_activemq_ra_ActiveMQActivationSpecTest,org_apache_activemq_ra_ActiveMQActivationSpecTest_testDurableSubscriberWithQueueDestinationTypeFailure,org_apache_activemq_ra_ActiveMQActivationSpec
org_apache_activemq_ra_ActiveMQActivationSpecTest,org_apache_activemq_ra_ActiveMQActivationSpecTest_testDurableSubscriberNoClientIdNoSubscriptionNameFailure,org_apache_activemq_ra_ActiveMQActivationSpec
org_apache_activemq_ra_ActiveMQActivationSpecTest,org_apache_activemq_ra_ActiveMQActivationSpecTest_testDurableSubscriberEmptyClientIdEmptySubscriptionNameFailure,org_apache_activemq_ra_ActiveMQActivationSpec
org_apache_activemq_ra_ActiveMQConnectionExecutorThreadCleanUpTest,org_apache_activemq_ra_ActiveMQConnectionExecutorThreadCleanUpTest_setUp,org_apache_activemq_broker_BrokerService
org_apache_activemq_ra_ActiveMQConnectionExecutorThreadCleanUpTest,org_apache_activemq_ra_ActiveMQConnectionExecutorThreadCleanUpTest_shutDown,org_apache_activemq_broker_BrokerService
org_apache_activemq_ra_FailoverManagedClusterTest,org_apache_activemq_ra_FailoverManagedClusterTest_createAndStartMaster,org_apache_activemq_broker_BrokerService
org_apache_activemq_ra_FailoverManagedConnectionTest,org_apache_activemq_ra_FailoverManagedConnectionTest_createAndStartBroker,org_apache_activemq_broker_BrokerService
org_apache_activemq_ra_FailoverManagedConnectionTest,org_apache_activemq_ra_FailoverManagedConnectionTest_stopBroker,org_apache_activemq_broker_BrokerService
org_apache_activemq_shiro_authc_DefaultAuthenticationPolicyTest,org_apache_activemq_shiro_authc_DefaultAuthenticationPolicyTest_testVmConnectionAuthenticationRequired,org_apache_activemq_shiro_authc_DefaultAuthenticationPolicy
org_apache_activemq_shiro_authc_DefaultAuthenticationPolicyTest,org_apache_activemq_shiro_authc_DefaultAuthenticationPolicyTest_testSystemAccountUsername,org_apache_activemq_shiro_authc_DefaultAuthenticationPolicy
org_apache_activemq_shiro_authc_DefaultAuthenticationPolicyTest,org_apache_activemq_shiro_authc_DefaultAuthenticationPolicyTest_testSystemAccountRealmName,org_apache_activemq_shiro_authc_DefaultAuthenticationPolicy
org_apache_activemq_shiro_authc_DefaultAuthenticationPolicyTest,org_apache_activemq_shiro_authc_DefaultAuthenticationPolicyTest_testAnonymousAllowed,org_apache_activemq_shiro_authc_DefaultAuthenticationPolicy
org_apache_activemq_shiro_authc_DefaultAuthenticationPolicyTest,org_apache_activemq_shiro_authc_DefaultAuthenticationPolicyTest_testAnonymousAccountUsername,org_apache_activemq_shiro_authc_DefaultAuthenticationPolicy
org_apache_activemq_shiro_authc_DefaultAuthenticationPolicyTest,org_apache_activemq_shiro_authc_DefaultAuthenticationPolicyTest_testAnonymousAccountRealmName,org_apache_activemq_shiro_authc_DefaultAuthenticationPolicy
org_apache_activemq_shiro_authc_DefaultAuthenticationPolicyTest,org_apache_activemq_shiro_authc_DefaultAuthenticationPolicyTest_testIsAssumeIdentity,org_apache_activemq_shiro_authc_DefaultAuthenticationPolicy
org_apache_activemq_shiro_authz_AuthorizationFilterTest,org_apache_activemq_shiro_authz_AuthorizationFilterTest_testSetActionPermissionResolver,org_apache_activemq_shiro_authz_AuthorizationFilter
org_apache_activemq_shiro_authz_DestinationActionPermissionResolverTest,org_apache_activemq_shiro_authz_DestinationActionPermissionResolverTest_testDefaults,org_apache_activemq_shiro_authz_DestinationActionPermissionResolver
org_apache_activemq_shiro_authz_DestinationActionPermissionResolverTest,org_apache_activemq_shiro_authz_DestinationActionPermissionResolverTest_testPermissionStringPrefixProp,org_apache_activemq_shiro_authz_DestinationActionPermissionResolver
org_apache_activemq_shiro_authz_DestinationActionPermissionResolverTest,org_apache_activemq_shiro_authz_DestinationActionPermissionResolverTest_testCaseSensitiveProp,org_apache_activemq_shiro_authz_DestinationActionPermissionResolver
org_apache_activemq_shiro_ShiroPluginTest,org_apache_activemq_shiro_ShiroPluginTest_startBroker,org_apache_activemq_broker_BrokerService
org_apache_activemq_spring_ActiveMQConnectionFactoryFactoryBeanTest,org_apache_activemq_spring_ActiveMQConnectionFactoryFactoryBeanTest_testSingleTcpURLWithInactivityTimeoutAndTcpNoDelay,org_apache_activemq_spring_ActiveMQConnectionFactoryFactoryBean
org_apache_activemq_spring_ActiveMQConnectionFactoryFactoryBeanTest,org_apache_activemq_spring_ActiveMQConnectionFactoryFactoryBeanTest_testSingleTcpURLWithInactivityTimeoutAndMaxReconnectDelay,org_apache_activemq_spring_ActiveMQConnectionFactoryFactoryBean
org_apache_activemq_spring_ActiveMQConnectionFactoryFactoryBeanTest,org_apache_activemq_spring_ActiveMQConnectionFactoryFactoryBeanTest_testSingleTcpURLWithInactivityTimeoutAndMaxReconnectDelayAndFailoverProperty,org_apache_activemq_spring_ActiveMQConnectionFactoryFactoryBean
org_apache_activemq_spring_ActiveMQConnectionFactoryFactoryBeanTest,org_apache_activemq_spring_ActiveMQConnectionFactoryFactoryBeanTest_testMultipleTcpURLsWithInactivityTimeoutAndMaxReconnectDelayAndFailoverProperty,org_apache_activemq_spring_ActiveMQConnectionFactoryFactoryBean
org_apache_activemq_xbean_ConnectorXBeanConfigTest,org_apache_activemq_xbean_ConnectorXBeanConfigTest_testConnectorConfiguredCorrectly,org_apache_activemq_broker_BrokerService
org_apache_activemq_xbean_ConnectorXBeanConfigTest,org_apache_activemq_xbean_ConnectorXBeanConfigTest_testBrokerRestartIsAllowed,org_apache_activemq_broker_BrokerService
org_apache_activemq_xbean_ConnectorXBeanConfigTest,org_apache_activemq_xbean_ConnectorXBeanConfigTest_testForceBrokerRestart,org_apache_activemq_broker_BrokerService
org_apache_activemq_usecases_AdvisoryTopicCleanUpTest,org_apache_activemq_usecases_AdvisoryTopicCleanUpTest_createBroker,org_apache_activemq_broker_BrokerService
org_apache_activemq_usecases_AMQ5153LevelDBSubscribedDestTest,org_apache_activemq_usecases_AMQ5153LevelDBSubscribedDestTest_testWildcardDurableSubscriptions,org_apache_activemq_broker_BrokerService
org_apache_activemq_usecases_AMQ6446Test,org_apache_activemq_usecases_AMQ6446Test_startBroker,org_apache_activemq_broker_BrokerService
org_apache_activemq_usecases_AMQ6477Test,org_apache_activemq_usecases_AMQ6477Test_before,org_apache_activemq_broker_BrokerService
org_apache_activemq_usecases_AuthorizationFromAdminViewTest,org_apache_activemq_usecases_AuthorizationFromAdminViewTest_createBroker,org_apache_activemq_broker_BrokerService
org_apache_activemq_usecases_BrowseDLQTest,org_apache_activemq_usecases_BrowseDLQTest_tearDown,org_apache_activemq_broker_BrokerService
org_apache_activemq_usecases_BrowseDLQTest,org_apache_activemq_usecases_BrowseDLQTest_startBroker,org_apache_activemq_broker_BrokerService
org_apache_activemq_usecases_CreateTemporaryQueueBeforeStartTest,org_apache_activemq_usecases_CreateTemporaryQueueBeforeStartTest_setUp,org_apache_activemq_broker_BrokerService
org_apache_activemq_usecases_DurableConsumerCloseAndReconnectTcpTest,org_apache_activemq_usecases_DurableConsumerCloseAndReconnectTcpTest_tearDown,org_apache_activemq_broker_BrokerService
org_apache_activemq_usecases_DurableConsumerCloseAndReconnectTest,org_apache_activemq_usecases_DurableConsumerCloseAndReconnectTest_createBroker,org_apache_activemq_broker_BrokerService
org_apache_activemq_usecases_DurableConsumerCloseAndReconnectTest,org_apache_activemq_usecases_DurableConsumerCloseAndReconnectTest_stopBroker,org_apache_activemq_broker_BrokerService
org_apache_activemq_usecases_DurableSubProcessConcurrentCommitActivateNoDuplicateTest,org_apache_activemq_usecases_DurableSubProcessConcurrentCommitActivateNoDuplicateTest_startBroker,org_apache_activemq_broker_BrokerService
org_apache_activemq_usecases_DurableSubProcessMultiRestartTest,org_apache_activemq_usecases_DurableSubProcessMultiRestartTest_startBroker,org_apache_activemq_broker_BrokerService
org_apache_activemq_usecases_DurableSubProcessTest,org_apache_activemq_usecases_DurableSubProcessTest_startBroker,org_apache_activemq_broker_BrokerService
org_apache_activemq_usecases_DurableSubscriptionActivationTest,org_apache_activemq_usecases_DurableSubscriptionActivationTest_createBroker,org_apache_activemq_broker_BrokerService
org_apache_activemq_usecases_DurableSubscriptionHangTestCase,org_apache_activemq_usecases_DurableSubscriptionHangTestCase_startBroker,org_apache_activemq_broker_BrokerService
org_apache_activemq_usecases_DurableSubscriptionOfflineTestBase,org_apache_activemq_usecases_DurableSubscriptionOfflineTestBase_createBroker,org_apache_activemq_broker_BrokerService
org_apache_activemq_usecases_DurableSubscriptionSelectorTest,org_apache_activemq_usecases_DurableSubscriptionSelectorTest_startBroker,org_apache_activemq_broker_BrokerService
org_apache_activemq_usecases_DurableSubscriptionTestSupport,org_apache_activemq_usecases_DurableSubscriptionTestSupport_createBroker,org_apache_activemq_broker_BrokerService
org_apache_activemq_usecases_DurableSubscriptionTestSupport,org_apache_activemq_usecases_DurableSubscriptionTestSupport_createRestartedBroker,org_apache_activemq_broker_BrokerService
org_apache_activemq_usecases_DurableSubscriptionUnsubscribeTest,org_apache_activemq_usecases_DurableSubscriptionUnsubscribeTest_startBroker,org_apache_activemq_broker_BrokerService
org_apache_activemq_usecases_DurableSubscriptionUpdatesTest,org_apache_activemq_usecases_DurableSubscriptionUpdatesTest_stopBroker,org_apache_activemq_broker_BrokerService
org_apache_activemq_usecases_DurableSubscriptionUpdatesTest,org_apache_activemq_usecases_DurableSubscriptionUpdatesTest_createBroker,org_apache_activemq_broker_BrokerService
org_apache_activemq_usecases_DurableSubscriptionWithNoLocalTest,org_apache_activemq_usecases_DurableSubscriptionWithNoLocalTest_tearDown,org_apache_activemq_broker_BrokerService
org_apache_activemq_usecases_DurableSubscriptionWithNoLocalTest,org_apache_activemq_usecases_DurableSubscriptionWithNoLocalTest_createBroker,org_apache_activemq_broker_BrokerService
org_apache_activemq_usecases_DurableSubSelectorDelayTest,org_apache_activemq_usecases_DurableSubSelectorDelayTest_startBroker,org_apache_activemq_broker_BrokerService
org_apache_activemq_usecases_DurableSubSelectorDelayWithRestartTest,org_apache_activemq_usecases_DurableSubSelectorDelayWithRestartTest_startBroker,org_apache_activemq_broker_BrokerService
org_apache_activemq_usecases_ReliableReconnectTest,org_apache_activemq_usecases_ReliableReconnectTest_startBroker,org_apache_activemq_broker_BrokerService
org_apache_activemq_usecases_DurableSubsOfflineSelectorConcurrentConsumeIndexUseTest,org_apache_activemq_usecases_DurableSubsOfflineSelectorConcurrentConsumeIndexUseTest_createBroker,org_apache_activemq_broker_BrokerService
org_apache_activemq_usecases_DurableSubsOfflineSelectorIndexUseTest,org_apache_activemq_usecases_DurableSubsOfflineSelectorIndexUseTest_createBroker,org_apache_activemq_broker_BrokerService
org_apache_activemq_usecases_DurableUnsubscribeTest,org_apache_activemq_usecases_DurableUnsubscribeTest_createBroker,org_apache_activemq_broker_BrokerService
org_apache_activemq_usecases_ExceptionListenerTest,org_apache_activemq_usecases_ExceptionListenerTest_startBroker,org_apache_activemq_broker_BrokerService
org_apache_activemq_usecases_ExpiredMessagesWithNoConsumerTest,org_apache_activemq_usecases_ExpiredMessagesWithNoConsumerTest_doCreateBroker,org_apache_activemq_broker_BrokerService
org_apache_activemq_usecases_JdbcDurableSubDupTest,org_apache_activemq_usecases_JdbcDurableSubDupTest_startBroker,org_apache_activemq_broker_BrokerService
org_apache_activemq_usecases_JMXRemoveQueueThenSendIgnoredTest,org_apache_activemq_usecases_JMXRemoveQueueThenSendIgnoredTest_setUp,org_apache_activemq_broker_BrokerService
org_apache_activemq_usecases_ManagedDurableSubscriptionTest,org_apache_activemq_usecases_ManagedDurableSubscriptionTest_startBroker,org_apache_activemq_broker_BrokerService
org_apache_activemq_usecases_NonBlockingConsumerRedeliveryTest,org_apache_activemq_usecases_NonBlockingConsumerRedeliveryTest_startBroker,org_apache_activemq_broker_BrokerService
org_apache_activemq_usecases_NonBlockingConsumerRedeliveryTest,org_apache_activemq_usecases_NonBlockingConsumerRedeliveryTest_stopBroker,org_apache_activemq_broker_BrokerService
org_apache_activemq_usecases_ObjectMessageNotSerializableTest,org_apache_activemq_usecases_ObjectMessageNotSerializableTest_tearDown,org_apache_activemq_broker_BrokerService
org_apache_activemq_usecases_OfflineDurableSubscriberTimeoutTest,org_apache_activemq_usecases_OfflineDurableSubscriberTimeoutTest_createBroker,org_apache_activemq_broker_BrokerService
org_apache_activemq_usecases_PriorityRedeliveryOrderTest,org_apache_activemq_usecases_PriorityRedeliveryOrderTest_createBroker,org_apache_activemq_broker_BrokerService
org_apache_activemq_usecases_PriorityRedeliveryOrderTest,org_apache_activemq_usecases_PriorityRedeliveryOrderTest_stopBroker,org_apache_activemq_broker_BrokerService
org_apache_activemq_usecases_QueueBrowsingLimitTest,org_apache_activemq_usecases_QueueBrowsingLimitTest_startBroker,org_apache_activemq_broker_BrokerService
org_apache_activemq_usecases_QueueBrowsingLimitTest,org_apache_activemq_usecases_QueueBrowsingLimitTest_stopBroker,org_apache_activemq_broker_BrokerService
org_apache_activemq_usecases_QueueBrowsingTest,org_apache_activemq_usecases_QueueBrowsingTest_startBroker,org_apache_activemq_broker_BrokerService
org_apache_activemq_usecases_QueueBrowsingTest,org_apache_activemq_usecases_QueueBrowsingTest_stopBroker,org_apache_activemq_broker_BrokerService
org_apache_activemq_usecases_QueueOrderSingleTransactedConsumerTest,org_apache_activemq_usecases_QueueOrderSingleTransactedConsumerTest_startBroker,org_apache_activemq_broker_BrokerService
org_apache_activemq_usecases_RequestReplyToTopicViaThreeNetworkHopsTest,org_apache_activemq_usecases_RequestReplyToTopicViaThreeNetworkHopsTest_start,org_apache_activemq_broker_BrokerService
org_apache_activemq_usecases_EmbeddedTcpBroker,org_apache_activemq_usecases_EmbeddedTcpBroker_start,org_apache_activemq_broker_BrokerService
org_apache_activemq_usecases_SelectorAwareVTThatDropsMessagesWhenNoConsumer,org_apache_activemq_usecases_SelectorAwareVTThatDropsMessagesWhenNoConsumer_tearDown,org_apache_activemq_broker_BrokerService
org_apache_activemq_usecases_SelectorAwareVTThatDropsMessagesWhenNoConsumer,org_apache_activemq_usecases_SelectorAwareVTThatDropsMessagesWhenNoConsumer_setupBroker,org_apache_activemq_broker_BrokerService
org_apache_activemq_usecases_TopicDurableConnectStatsTest,org_apache_activemq_usecases_TopicDurableConnectStatsTest_createBroker,org_apache_activemq_broker_BrokerService
org_apache_activemq_usecases_TopicProducerDurableSubFlowControlTest,org_apache_activemq_usecases_TopicProducerDurableSubFlowControlTest_doSetup,org_apache_activemq_broker_BrokerService
org_apache_activemq_usecases_TopicProducerDurableSubFlowControlTest,org_apache_activemq_usecases_TopicProducerDurableSubFlowControlTest_tearDown,org_apache_activemq_broker_BrokerService
org_apache_activemq_usecases_TopicProducerFlowControlTest,org_apache_activemq_usecases_TopicProducerFlowControlTest_setUp,org_apache_activemq_broker_BrokerService
org_apache_activemq_usecases_TopicProducerFlowControlTest,org_apache_activemq_usecases_TopicProducerFlowControlTest_tearDown,org_apache_activemq_broker_BrokerService
org_apache_activemq_usecases_TopicProducerToSubFileCursorTest,org_apache_activemq_usecases_TopicProducerToSubFileCursorTest_setUp,org_apache_activemq_broker_BrokerService
org_apache_activemq_usecases_TopicProducerToSubFileCursorTest,org_apache_activemq_usecases_TopicProducerToSubFileCursorTest_tearDown,org_apache_activemq_broker_BrokerService
org_apache_activemq_usecases_TwoBrokerTopicSendReceiveUsingJavaConfigurationTest,org_apache_activemq_usecases_TwoBrokerTopicSendReceiveUsingJavaConfigurationTest_createReceiverConnectionFactory,org_apache_activemq_broker_BrokerService
org_apache_activemq_usecases_TwoBrokerTopicSendReceiveUsingJavaConfigurationTest,org_apache_activemq_usecases_TwoBrokerTopicSendReceiveUsingJavaConfigurationTest_createSenderConnectionFactory,org_apache_activemq_broker_BrokerService
org_apache_activemq_usecases_UnlimitedEnqueueTest,org_apache_activemq_usecases_UnlimitedEnqueueTest_createBrokerService,org_apache_activemq_broker_BrokerService
org_apache_activemq_transport_stomp_StompFrameTest,org_apache_activemq_transport_stomp_StompFrameTest_testNoPasscodeInToString,org_apache_activemq_transport_stomp_StompFrame
org_apache_activemq_transport_stomp_StompTestSupport,org_apache_activemq_transport_stomp_StompTestSupport_stopBroker,org_apache_activemq_broker_BrokerService
org_apache_activemq_transport_stomp_StompTestSupport,org_apache_activemq_transport_stomp_StompTestSupport_createBroker,org_apache_activemq_broker_BrokerService
org_apache_activemq_transport_stomp_StompTestSupport,org_apache_activemq_transport_stomp_StompTestSupport_stompDisconnect,org_apache_activemq_transport_stomp_StompConnection
org_apache_activemq_junit_EmbeddedActiveMQBroker,org_apache_activemq_junit_EmbeddedActiveMQBroker_EmbeddedActiveMQBroker,org_apache_activemq_broker_BrokerService
org_apache_activemq_junit_EmbeddedActiveMQBroker,org_apache_activemq_junit_EmbeddedActiveMQBroker_getDefaultPolicyEntry,org_apache_activemq_broker_BrokerService
org_apache_activemq_junit_EmbeddedActiveMQBroker,org_apache_activemq_junit_EmbeddedActiveMQBroker_peekMessage,org_apache_activemq_broker_BrokerService
org_apache_activemq_junit_EmbeddedActiveMQBrokerConfigTest,org_apache_activemq_junit_EmbeddedActiveMQBrokerConfigTest_testBrokerNameConfig,org_apache_activemq_junit_EmbeddedActiveMQBroker
org_apache_activemq_junit_EmbeddedActiveMQBrokerConfigTest,org_apache_activemq_junit_EmbeddedActiveMQBrokerConfigTest_testStatisticsPluginConfig,org_apache_activemq_junit_EmbeddedActiveMQBroker
org_apache_activemq_junit_EmbeddedActiveMQBrokerConfigTest,org_apache_activemq_junit_EmbeddedActiveMQBrokerConfigTest_testAdvisoryForDeliveryConfig,org_apache_activemq_junit_EmbeddedActiveMQBroker
org_apache_activemq_junit_EmbeddedActiveMQBrokerConfigTest,org_apache_activemq_junit_EmbeddedActiveMQBrokerConfigTest_testAdvisoryForConsumedConfig,org_apache_activemq_junit_EmbeddedActiveMQBroker
org_apache_activemq_junit_EmbeddedActiveMQBrokerConfigTest,org_apache_activemq_junit_EmbeddedActiveMQBrokerConfigTest_testAdvisoryForDiscardingMessagesConfig,org_apache_activemq_junit_EmbeddedActiveMQBroker
org_apache_activemq_junit_EmbeddedActiveMQBrokerConfigTest,org_apache_activemq_junit_EmbeddedActiveMQBrokerConfigTest_testAdvisoryForFastProducersConfig,org_apache_activemq_junit_EmbeddedActiveMQBroker
org_apache_activemq_junit_EmbeddedActiveMQBrokerConfigTest,org_apache_activemq_junit_EmbeddedActiveMQBrokerConfigTest_testAdvisoryForSlowConsumersConfig,org_apache_activemq_junit_EmbeddedActiveMQBroker
org_apache_activemq_junit_EmbeddedActiveMQBrokerXbeanUriConfigTest,org_apache_activemq_junit_EmbeddedActiveMQBrokerXbeanUriConfigTest_testBrokerNameConfig,org_apache_activemq_junit_EmbeddedActiveMQBroker
org_apache_activemq_junit_EmbeddedActiveMQBrokerXbeanUriConfigTest,org_apache_activemq_junit_EmbeddedActiveMQBrokerXbeanUriConfigTest_testStatisticsPluginConfig,org_apache_activemq_junit_EmbeddedActiveMQBroker
org_apache_activemq_junit_EmbeddedActiveMQBrokerXbeanUriConfigTest,org_apache_activemq_junit_EmbeddedActiveMQBrokerXbeanUriConfigTest_testAdvisoryForDeliveryConfig,org_apache_activemq_junit_EmbeddedActiveMQBroker
org_apache_activemq_junit_EmbeddedActiveMQBrokerXbeanUriConfigTest,org_apache_activemq_junit_EmbeddedActiveMQBrokerXbeanUriConfigTest_testAdvisoryForConsumedConfig,org_apache_activemq_junit_EmbeddedActiveMQBroker
org_apache_activemq_junit_EmbeddedActiveMQBrokerXbeanUriConfigTest,org_apache_activemq_junit_EmbeddedActiveMQBrokerXbeanUriConfigTest_testAdvisoryForDiscardingMessagesConfig,org_apache_activemq_junit_EmbeddedActiveMQBroker
org_apache_activemq_junit_EmbeddedActiveMQBrokerXbeanUriConfigTest,org_apache_activemq_junit_EmbeddedActiveMQBrokerXbeanUriConfigTest_testAdvisoryForFastProducersConfig,org_apache_activemq_junit_EmbeddedActiveMQBroker
org_apache_activemq_junit_EmbeddedActiveMQBrokerXbeanUriConfigTest,org_apache_activemq_junit_EmbeddedActiveMQBrokerXbeanUriConfigTest_testAdvisoryForSlowConsumersConfig,org_apache_activemq_junit_EmbeddedActiveMQBroker
org_apache_activemq_tool_MemoryMonitoringTool,org_apache_activemq_tool_MemoryMonitoringTool_addTestInformation,org_apache_activemq_tool_ReportGenerator
org_apache_activemq_tool_sampler_AbstractPerformanceSamplerTest,org_apache_activemq_tool_sampler_AbstractPerformanceSamplerTest_testSamplerOnCountBasis,org_apache_activemq_tool_sampler_AbstractPerformanceSampler
org_apache_activemq_tool_sampler_AbstractPerformanceSamplerTest,org_apache_activemq_tool_sampler_AbstractPerformanceSamplerTest_testSamplerOnTimeBasis_matchesClientSettings,org_apache_activemq_tool_sampler_AbstractPerformanceSampler
org_apache_activemq_tool_sampler_AbstractPerformanceSamplerTest,org_apache_activemq_tool_sampler_AbstractPerformanceSamplerTest_testSamplerOnTimeBasis_percentageOverrides,org_apache_activemq_tool_sampler_AbstractPerformanceSampler
org_apache_activemq_tool_sampler_AbstractPerformanceSamplerTest,org_apache_activemq_tool_sampler_AbstractPerformanceSamplerTest_testSamplerOnTimeBasis_percentageOverridesExceedSamplerDuration,org_apache_activemq_tool_sampler_AbstractPerformanceSampler
org_apache_activemq_tool_sampler_AbstractPerformanceSamplerTest,org_apache_activemq_tool_sampler_AbstractPerformanceSamplerTest_testSamplerOnTimeBasis_timeOverrides,org_apache_activemq_tool_sampler_AbstractPerformanceSampler
org_apache_activemq_broker_advisory_AdvisoryNetworkBridgeTest,org_apache_activemq_broker_advisory_AdvisoryNetworkBridgeTest_createBroker1,org_apache_activemq_broker_BrokerService
org_apache_activemq_broker_advisory_AdvisoryNetworkBridgeTest,org_apache_activemq_broker_advisory_AdvisoryNetworkBridgeTest_createBroker2,org_apache_activemq_broker_BrokerService
org_apache_activemq_broker_ft_DbRestartJDBCQueueTest,org_apache_activemq_broker_ft_DbRestartJDBCQueueTest_setUp,org_apache_activemq_broker_BrokerService
org_apache_activemq_broker_policy_DestinationWildcardTest,org_apache_activemq_broker_policy_DestinationWildcardTest_setUp,org_apache_activemq_broker_BrokerService
org_apache_activemq_broker_policy_DestinationWildcardTest,org_apache_activemq_broker_policy_DestinationWildcardTest_testDestinationWildcardThreeEntries,org_apache_activemq_broker_BrokerService
org_apache_activemq_broker_policy_DestinationWildcardTest,org_apache_activemq_broker_policy_DestinationWildcardTest_testDestinationWildcardTwoEntries,org_apache_activemq_broker_BrokerService
org_apache_activemq_broker_policy_DestinationWildcardTest,org_apache_activemq_broker_policy_DestinationWildcardTest_testDestinationWildcardOneEntry,org_apache_activemq_broker_BrokerService
org_apache_activemq_broker_policy_MaxDestinationsPolicyTest,org_apache_activemq_broker_policy_MaxDestinationsPolicyTest_setUp,org_apache_activemq_broker_BrokerService
org_apache_activemq_broker_policy_MessageGroupConfigTest,org_apache_activemq_broker_policy_MessageGroupConfigTest_doTestGroupConfiguration,org_apache_activemq_broker_BrokerService
org_apache_activemq_broker_policy_PriorityNetworkDispatchPolicyTest,org_apache_activemq_broker_policy_PriorityNetworkDispatchPolicyTest_init,org_apache_activemq_command_ConsumerInfo
org_apache_activemq_broker_virtual_CompositeTopicMemoryUsageTest,org_apache_activemq_broker_virtual_CompositeTopicMemoryUsageTest_getMemoryUsageForTopic,org_apache_activemq_broker_BrokerService
org_apache_activemq_broker_virtual_CompositeTopicMemoryUsageTest,org_apache_activemq_broker_virtual_CompositeTopicMemoryUsageTest_startBroker,org_apache_activemq_broker_BrokerService
org_apache_activemq_broker_virtual_MultipleCompositeToPhysicalQueueTest,org_apache_activemq_broker_virtual_MultipleCompositeToPhysicalQueueTest_after,org_apache_activemq_broker_BrokerService
org_apache_activemq_broker_virtual_VirtualDestPerfTest,org_apache_activemq_broker_virtual_VirtualDestPerfTest_purge,org_apache_activemq_broker_BrokerService
org_apache_activemq_broker_virtual_VirtualDestPerfTest,org_apache_activemq_broker_virtual_VirtualDestPerfTest_startBroker,org_apache_activemq_broker_BrokerService
org_apache_activemq_broker_virtual_VirtualTopicDestinationMapAccessTest,org_apache_activemq_broker_virtual_VirtualTopicDestinationMapAccessTest_createBroker,org_apache_activemq_broker_BrokerService
org_apache_activemq_broker_virtual_VirtualTopicFanoutPerfTest,org_apache_activemq_broker_virtual_VirtualTopicFanoutPerfTest_createBroker,org_apache_activemq_broker_BrokerService
org_apache_activemq_bugs_amq1974_TryJmsClient,org_apache_activemq_bugs_amq1974_TryJmsClient_start,org_apache_activemq_broker_BrokerService
org_apache_activemq_bugs_amq1974_TryJmsManager,org_apache_activemq_bugs_amq1974_TryJmsManager_start,org_apache_activemq_broker_BrokerService
org_apache_activemq_jmx_OpenTypeSupportTest,org_apache_activemq_jmx_OpenTypeSupportTest_tearDown,org_apache_activemq_broker_BrokerService
org_apache_activemq_jmx_TotalMessageCountTest,org_apache_activemq_jmx_TotalMessageCountTest_tearDown,org_apache_activemq_broker_BrokerService
org_apache_activemq_test_retroactive_RetroactiveConsumerBrokerRestartedTest,org_apache_activemq_test_retroactive_RetroactiveConsumerBrokerRestartedTest_createBroker,org_apache_activemq_broker_BrokerService
org_apache_activemq_test_retroactive_RetroactiveConsumerBrokerRestartedTest,org_apache_activemq_test_retroactive_RetroactiveConsumerBrokerRestartedTest_createRestartedBroker,org_apache_activemq_broker_BrokerService
org_apache_activemq_web_RemoteJMXBrokerTest,org_apache_activemq_web_RemoteJMXBrokerTest_startUp,org_apache_activemq_broker_BrokerService
org_apache_activemq_web_RemoteJMXBrokerTest,org_apache_activemq_web_RemoteJMXBrokerTest_after,org_apache_activemq_broker_BrokerService
