sourceClass,method,targetClass
org_apache_activemq_transport_amqp_protocol_AmqpWireFormatTest,org_apache_activemq_transport_amqp_protocol_AmqpWireFormatTest_testWhenSaslAllowedNonSaslHeaderIsValid,org_apache_activemq_transport_amqp_AmqpHeader
org_apache_activemq_broker_jmx_TransportConnectorMBeanTest,org_apache_activemq_broker_jmx_TransportConnectorMBeanTest_doVerifyClientIdNetwork,org_apache_activemq_broker_BrokerService
org_apache_activemq_proxy_ProxyFailoverTest,org_apache_activemq_proxy_ProxyFailoverTest_startRemoteBroker,org_apache_activemq_broker_BrokerService
org_apache_activemq_ActiveMQXAConnectionFactory,org_apache_activemq_ActiveMQXAConnectionFactory_ActiveMQXAConnectionFactory,org_apache_activemq_ActiveMQConnectionFactory
org_apache_activemq_ActiveMQXASslConnectionFactory,org_apache_activemq_ActiveMQXASslConnectionFactory_ActiveMQXASslConnectionFactory,org_apache_activemq_ActiveMQSslConnectionFactory
org_apache_activemq_bugs_AMQ3145Test,org_apache_activemq_bugs_AMQ3145Test_createBroker,org_apache_activemq_broker_BrokerService
org_apache_activemq_bugs_AMQ3529v2Test,org_apache_activemq_bugs_AMQ3529v2Test_startBroker,org_apache_activemq_broker_BrokerService
org_apache_activemq_bugs_AMQ3567Test,org_apache_activemq_bugs_AMQ3567Test_startBroker,org_apache_activemq_broker_BrokerService
org_apache_activemq_bugs_AMQ4157Test,org_apache_activemq_bugs_AMQ4157Test_startBroker,org_apache_activemq_broker_BrokerService
org_apache_activemq_bugs_AMQ4582Test,org_apache_activemq_bugs_AMQ4582Test_simpleTest,org_apache_activemq_broker_BrokerService
org_apache_activemq_bugs_AMQ5336Test,org_apache_activemq_bugs_AMQ5336Test_before,org_apache_activemq_broker_BrokerService
org_apache_activemq_bugs_AMQ6599Test,org_apache_activemq_bugs_AMQ6599Test_after,org_apache_activemq_broker_BrokerService
org_apache_activemq_bugs_AMQ7002Test,org_apache_activemq_bugs_AMQ7002Test_getConsumer,org_apache_activemq_ActiveMQConnection
org_apache_activemq_bugs_TransactionNotStartedErrorTest,org_apache_activemq_bugs_TransactionNotStartedErrorTest_startBroker,org_apache_activemq_broker_BrokerService
org_apache_activemq_bugs_TempStorageConfigBrokerTest,org_apache_activemq_bugs_TempStorageConfigBrokerTest_createBrokerWithValidTempStoreConfig,org_apache_activemq_broker_BrokerService
org_apache_activemq_camel_JmsJdbcXATest,org_apache_activemq_camel_JmsJdbcXATest_sendJMSMessageToKickOffRoute,org_apache_activemq_ActiveMQConnectionFactory
org_apache_activemq_openwire_WireFormatInfoPropertiesTest,org_apache_activemq_openwire_WireFormatInfoPropertiesTest_after,org_apache_activemq_broker_BrokerService
org_apache_activemq_openwire_DataFileGeneratorTestSupport,org_apache_activemq_openwire_DataFileGeneratorTestSupport_createOpenWireFormat,org_apache_activemq_openwire_OpenWireFormat
org_apache_activemq_transport_http_HttpClientReconnectTest,org_apache_activemq_transport_http_HttpClientReconnectTest_setUp,org_apache_activemq_broker_BrokerService
org_apache_activemq_store_jdbc_JDBCCleanupLimitedPoolTest,org_apache_activemq_store_jdbc_JDBCCleanupLimitedPoolTest_createBroker,org_apache_activemq_broker_BrokerService
org_apache_activemq_store_jdbc_JDBCPersistenceAdapterExpiredMessageTest,org_apache_activemq_store_jdbc_JDBCPersistenceAdapterExpiredMessageTest_stop,org_apache_activemq_broker_BrokerService
org_apache_activemq_store_kahadb_JournalCorruptionIndexRecoveryTest,org_apache_activemq_store_kahadb_JournalCorruptionIndexRecoveryTest_configurePersistence,org_apache_activemq_store_kahadb_KahaDBPersistenceAdapter
org_apache_activemq_store_kahadb_KahaDBDeleteLockTest,org_apache_activemq_store_kahadb_KahaDBDeleteLockTest_stopBrokerJustInCase,org_apache_activemq_broker_BrokerService
org_apache_activemq_transport_mqtt_MQTTOverlapedSubscriptionsTest,org_apache_activemq_transport_mqtt_MQTTOverlapedSubscriptionsTest_initializeBroker,org_apache_activemq_broker_BrokerService
org_apache_activemq_ra_FailoverManagedClusterTest,org_apache_activemq_ra_FailoverManagedClusterTest_createAndStartSlave,org_apache_activemq_broker_BrokerService
org_apache_activemq_xbean_ConnectorXBeanConfigTest,org_apache_activemq_xbean_ConnectorXBeanConfigTest_testBrokerRestartIsAllowed,org_apache_activemq_broker_BrokerService
org_apache_activemq_usecases_DurableSubscriptionOfflineTestBase,org_apache_activemq_usecases_DurableSubscriptionOfflineTestBase_createBroker,org_apache_activemq_broker_BrokerService
org_apache_activemq_usecases_DurableSubscriptionUpdatesTest,org_apache_activemq_usecases_DurableSubscriptionUpdatesTest_stopBroker,org_apache_activemq_broker_BrokerService
org_apache_activemq_junit_EmbeddedActiveMQBrokerConfigTest,org_apache_activemq_junit_EmbeddedActiveMQBrokerConfigTest_testAdvisoryForConsumedConfig,org_apache_activemq_junit_EmbeddedActiveMQBroker
org_apache_activemq_openwire_v6_MessageAckTest,org_apache_activemq_openwire_v6_MessageAckTest_populateObject,org_apache_activemq_command_MessageAck
org_apache_activemq_broker_scheduler_ReduceMemoryFootprintTest,org_apache_activemq_broker_scheduler_ReduceMemoryFootprintTest_tearDown,org_apache_activemq_broker_BrokerService
org_apache_activemq_bugs_AMQ4595Test,org_apache_activemq_bugs_AMQ4595Test_startBroker,org_apache_activemq_broker_BrokerService
org_apache_activemq_usecases_QueueBrowsingTest,org_apache_activemq_usecases_QueueBrowsingTest_startBroker,org_apache_activemq_broker_BrokerService
org_apache_activemq_transport_amqp_AmqpAndStompInteropTest,org_apache_activemq_transport_amqp_AmqpAndStompInteropTest_tearDown,org_apache_activemq_broker_BrokerService
org_apache_activemq_transport_amqp_interop_AmqpCorrelationIdPreservationTest,org_apache_activemq_transport_amqp_interop_AmqpCorrelationIdPreservationTest_doTestCorrelationIdPreservationOnBrokerRestart,org_apache_activemq_transport_amqp_client_AmqpMessage
org_apache_activemq_transport_amqp_interop_AmqpSendReceiveTest,org_apache_activemq_transport_amqp_interop_AmqpSendReceiveTest_doTestSimpleSendOneReceiveOne,org_apache_activemq_transport_amqp_client_AmqpMessage
org_apache_activemq_broker_QueueMbeanRestartTest,org_apache_activemq_broker_QueueMbeanRestartTest_sendMessages,org_apache_activemq_TestSupport
org_apache_activemq_broker_inteceptor_MessageInterceptorRegistry,org_apache_activemq_broker_inteceptor_MessageInterceptorRegistry_MessageInterceptorRegistry,org_apache_activemq_broker_BrokerRegistry
org_apache_activemq_broker_region_cursors_NegativeQueueTest,org_apache_activemq_broker_region_cursors_NegativeQueueTest_tearDown,org_apache_activemq_broker_BrokerService
org_apache_activemq_broker_view_ConnectionDotFileInterceptor,org_apache_activemq_broker_view_ConnectionDotFileInterceptor_getBrokerView,org_apache_activemq_broker_BrokerService
org_apache_activemq_network_BrokerNetworkWithStuckMessagesTest,org_apache_activemq_network_BrokerNetworkWithStuckMessagesTest_createSecondRemoteBroker,org_apache_activemq_broker_BrokerService
org_apache_activemq_network_CheckDuplicateMessagesOnDuplexTest,org_apache_activemq_network_CheckDuplicateMessagesOnDuplexTest_openRemoteConnection,org_apache_activemq_ActiveMQConnectionFactory
org_apache_activemq_network_DrainBridgeTest,org_apache_activemq_network_DrainBridgeTest_prepareDrainTarget,org_apache_activemq_broker_BrokerService
org_apache_activemq_network_NetworkBrokerDetachTest,org_apache_activemq_network_NetworkBrokerDetachTest_createNetworkedBroker,org_apache_activemq_broker_BrokerService
org_apache_activemq_network_jms_QueueBridgeStandaloneReconnectTest,org_apache_activemq_network_jms_QueueBridgeStandaloneReconnectTest_createFirstBroker,org_apache_activemq_broker_BrokerService
org_apache_activemq_network_jms_TopicBridgeStandaloneReconnectTest,org_apache_activemq_network_jms_TopicBridgeStandaloneReconnectTest_createFirstBroker,org_apache_activemq_broker_BrokerService
org_apache_activemq_security_AbstractCachedLDAPAuthorizationMapLegacyTest,org_apache_activemq_security_AbstractCachedLDAPAuthorizationMapLegacyTest_testQuery,org_apache_activemq_security_SimpleCachedLDAPAuthorizationMap
org_apache_activemq_usage_JobSchedulerUsage,org_apache_activemq_usage_JobSchedulerUsage_JobSchedulerUsage,org_apache_activemq_usage_Usage
org_apache_activemq_JmsTransactionTestSupport,org_apache_activemq_JmsTransactionTestSupport_setPrefetchToOne,org_apache_activemq_ActiveMQPrefetchPolicy
org_apache_activemq_ActiveMQXAConnectionFactory,org_apache_activemq_ActiveMQXAConnectionFactory_createXAConnection,org_apache_activemq_ActiveMQConnectionFactory
org_apache_activemq_ConsumerReceiveWithTimeoutTest,org_apache_activemq_ConsumerReceiveWithTimeoutTest_createBroker,org_apache_activemq_broker_BrokerService
org_apache_activemq_bugs_AMQ4853Test,org_apache_activemq_bugs_AMQ4853Test_setUp,org_apache_activemq_broker_BrokerService
org_apache_activemq_JmsMessageProcuderClosedTest,org_apache_activemq_JmsMessageProcuderClosedTest_createBroker,org_apache_activemq_broker_BrokerService
org_apache_activemq_bugs_AMQ3166Test,org_apache_activemq_bugs_AMQ3166Test_createConnection,org_apache_activemq_ActiveMQConnectionFactory
org_apache_activemq_bugs_AMQ4062Test,org_apache_activemq_bugs_AMQ4062Test_restartBroker,org_apache_activemq_broker_BrokerService
org_apache_activemq_bugs_AMQ4677Test,org_apache_activemq_bugs_AMQ4677Test_tearDown,org_apache_activemq_broker_BrokerService
org_apache_activemq_bugs_AMQ4853Test,org_apache_activemq_bugs_AMQ4853Test_tearDown,org_apache_activemq_broker_BrokerService
org_apache_activemq_bugs_AMQ4671Test,org_apache_activemq_bugs_AMQ4671Test_setUp,org_apache_activemq_broker_BrokerService
org_apache_activemq_bugs_AMQ4853Test,org_apache_activemq_bugs_AMQ4853Test_createConnectionInfo,org_apache_activemq_command_ConnectionId
org_apache_activemq_bugs_AMQ6125Test,org_apache_activemq_bugs_AMQ6125Test_tearDown,org_apache_activemq_broker_BrokerService
org_apache_activemq_bugs_AMQ6194Test,org_apache_activemq_bugs_AMQ6194Test_after,org_apache_activemq_broker_BrokerService
org_apache_activemq_bugs_AMQ6121Test,org_apache_activemq_bugs_AMQ6121Test_startBroker,org_apache_activemq_broker_region_policy_PolicyEntry
org_apache_activemq_bugs_AMQ6254Test,org_apache_activemq_bugs_AMQ6254Test_tearDown,org_apache_activemq_broker_BrokerService
org_apache_activemq_bugs_AMQ6264Test,org_apache_activemq_bugs_AMQ6264Test_createBroker,org_apache_activemq_broker_BrokerService
org_apache_activemq_bugs_MessageExpiryTimeDifferenceTest,org_apache_activemq_bugs_MessageExpiryTimeDifferenceTest_createBroker,org_apache_activemq_broker_BrokerService
org_apache_activemq_bugs_TransactedStoreUsageSuspendResumeTest,org_apache_activemq_bugs_TransactedStoreUsageSuspendResumeTest_setup,org_apache_activemq_broker_BrokerService
org_apache_activemq_camel_JmsJdbcXATest,org_apache_activemq_camel_JmsJdbcXATest_createBroker,org_apache_activemq_broker_BrokerService
org_apache_activemq_command_ActiveMQTempQueue,org_apache_activemq_command_ActiveMQTempQueue_ActiveMQTempQueue,org_apache_activemq_command_ActiveMQTempDestination
org_apache_activemq_openwire_DataFileGenerator,org_apache_activemq_openwire_DataFileGenerator_generateInputStream,org_apache_activemq_openwire_OpenWireFormat
org_apache_activemq_openwire_v9_ConsumerInfoTest,org_apache_activemq_openwire_v9_ConsumerInfoTest_populateObject,org_apache_activemq_command_ConsumerInfo
org_apache_activemq_transport_failover_FailoverClusterTest,org_apache_activemq_transport_failover_FailoverClusterTest_createClients,org_apache_activemq_ActiveMQConnectionFactory
org_apache_activemq_transport_failover_FailoverClusterTestSupport,org_apache_activemq_transport_failover_FailoverClusterTestSupport_destroyBrokerCluster,org_apache_activemq_broker_BrokerService
org_apache_activemq_transport_udp_UdpSendReceiveWithTwoConnectionsTest,org_apache_activemq_transport_udp_UdpSendReceiveWithTwoConnectionsTest_createBroker,org_apache_activemq_broker_BrokerService
org_apache_activemq_transport_ws_StompWSTransportTest,org_apache_activemq_transport_ws_StompWSTransportTest_testConnectWithVersionOptions,org_apache_activemq_transport_ws_StompWSConnection
org_apache_activemq_console_QueryCommandTest,org_apache_activemq_console_QueryCommandTest_createBroker,org_apache_activemq_broker_BrokerService
org_apache_activemq_store_jdbc_JDBCCommitExceptionTest,org_apache_activemq_store_jdbc_JDBCCommitExceptionTest_createBroker,org_apache_activemq_broker_BrokerService
org_apache_activemq_store_jdbc_JDBCTestMemory,org_apache_activemq_store_jdbc_JDBCTestMemory_createBroker,org_apache_activemq_broker_BrokerService
org_apache_activemq_store_jdbc_JDBCTablePrefixAssignedTest,org_apache_activemq_store_jdbc_JDBCTablePrefixAssignedTest_createBroker,org_apache_activemq_store_jdbc_JDBCPersistenceAdapter
org_apache_activemq_store_kahadb_MessageDatabaseSizeTest,org_apache_activemq_store_kahadb_MessageDatabaseSizeTest_tearDown,org_apache_activemq_broker_BrokerService
org_apache_activemq_store_kahadb_JournalCorruptionIndexRecoveryTest,org_apache_activemq_store_kahadb_JournalCorruptionIndexRecoveryTest_doStartBroker,org_apache_activemq_broker_BrokerService
org_apache_activemq_store_kahadb_KahaDBDurableMessageRecoveryTest,org_apache_activemq_store_kahadb_KahaDBDurableMessageRecoveryTest_stopBroker,org_apache_activemq_broker_BrokerService
org_apache_activemq_store_kahadb_MKahaDBStoreLimitTest,org_apache_activemq_store_kahadb_MKahaDBStoreLimitTest_stopBroker,org_apache_activemq_broker_BrokerService
org_apache_activemq_openwire_v2_MessageAckTest,org_apache_activemq_openwire_v2_MessageAckTest_populateObject,org_apache_activemq_command_MessageAck
org_apache_activemq_openwire_v2_ConsumerInfoTest,org_apache_activemq_openwire_v2_ConsumerInfoTest_populateObject,org_apache_activemq_command_ConsumerInfo
org_apache_activemq_openwire_v6_ConsumerInfoTest,org_apache_activemq_openwire_v6_ConsumerInfoTest_populateObject,org_apache_activemq_command_ConsumerInfo
org_apache_activemq_ra_SSLMAnagedConnectionFactoryTest,org_apache_activemq_ra_SSLMAnagedConnectionFactoryTest_createAndStartBroker,org_apache_activemq_broker_BrokerService
org_apache_activemq_java_JavaNetworkConnectorTest,org_apache_activemq_java_JavaNetworkConnectorTest_startBroker,org_apache_activemq_broker_BrokerService
org_apache_activemq_usecases_AMQ5153LevelDBSubscribedDestTest,org_apache_activemq_usecases_AMQ5153LevelDBSubscribedDestTest_createBroker,org_apache_activemq_broker_BrokerService
org_apache_activemq_usecases_DurableSubscriptionSelectorTest,org_apache_activemq_usecases_DurableSubscriptionSelectorTest_openConsumer,org_apache_activemq_ActiveMQConnection
org_apache_activemq_usecases_DurableSubscriptionRemoveOfflineTest,org_apache_activemq_usecases_DurableSubscriptionRemoveOfflineTest_restartBroker,org_apache_activemq_broker_BrokerService
org_apache_activemq_usecases_QueueBrowsingTest,org_apache_activemq_usecases_QueueBrowsingTest_stopBroker,org_apache_activemq_broker_BrokerService
org_apache_activemq_usecases_ThreeBrokerTopicNetworkTest,org_apache_activemq_usecases_ThreeBrokerTopicNetworkTest_setUp,org_apache_activemq_JmsMultipleBrokersTestSupport
org_apache_activemq_usecases_ThreeBrokerQueueNetworkTest,org_apache_activemq_usecases_ThreeBrokerQueueNetworkTest_setUp,org_apache_activemq_JmsMultipleBrokersTestSupport
org_apache_activemq_usecases_TopicSubscriptionZeroPrefetchTest,org_apache_activemq_usecases_TopicSubscriptionZeroPrefetchTest_createBroker,org_apache_activemq_broker_BrokerService
org_apache_activemq_transport_stomp_StompMissingMessageTest,org_apache_activemq_transport_stomp_StompMissingMessageTest_stompConnect,org_apache_activemq_transport_stomp_StompMissingMessageTest
org_apache_activemq_junit_EmbeddedActiveMQBrokerXbeanUriConfigTest,org_apache_activemq_junit_EmbeddedActiveMQBrokerXbeanUriConfigTest_testBrokerNameConfig,org_apache_activemq_junit_EmbeddedActiveMQBroker
org_apache_activemq_broker_policy_AbortSlowAckConsumer0Test,org_apache_activemq_broker_policy_AbortSlowAckConsumer0Test_createConnectionFactory,org_apache_activemq_ActiveMQConnectionFactory
org_apache_activemq_bugs_amq1974_TryJmsManager,org_apache_activemq_bugs_amq1974_TryJmsManager_addNetworkBroker,org_apache_activemq_network_NetworkBridgeConfiguration
org_apache_activemq_bugs_AMQ4504Test,org_apache_activemq_bugs_AMQ4504Test_setup,org_apache_activemq_broker_BrokerService
org_apache_activemq_bugs_AMQ3932Test,org_apache_activemq_bugs_AMQ3932Test_setUp,org_apache_activemq_broker_BrokerService
org_apache_activemq_bugs_AMQ5381Test,org_apache_activemq_bugs_AMQ5381Test_startBroker,org_apache_activemq_broker_BrokerService
org_apache_activemq_bugs_AMQ4487Test,org_apache_activemq_bugs_AMQ4487Test_startBroker,org_apache_activemq_broker_BrokerService
org_apache_activemq_bugs_AMQ3166Test,org_apache_activemq_bugs_AMQ3166Test_tearDown,org_apache_activemq_broker_BrokerService
org_apache_activemq_bugs_AMQ5035Test,org_apache_activemq_bugs_AMQ5035Test_tearDown,org_apache_activemq_broker_BrokerService
org_apache_activemq_bugs_AMQ2982Test,org_apache_activemq_bugs_AMQ2982Test_setup,org_apache_activemq_broker_BrokerService
org_apache_activemq_bugs_AMQ2616Test,org_apache_activemq_bugs_AMQ2616Test_setUp,org_apache_activemq_broker_BrokerService
org_apache_activemq_bugs_OptimizeAcknowledgeWithExpiredMsgsTest,org_apache_activemq_bugs_OptimizeAcknowledgeWithExpiredMsgsTest_tearDown,org_apache_activemq_broker_BrokerService
org_apache_activemq_bugs_AMQ5212Test,org_apache_activemq_bugs_AMQ5212Test_start,org_apache_activemq_broker_BrokerService
org_apache_activemq_store_kahadb_AMQ5626Test,org_apache_activemq_store_kahadb_AMQ5626Test_stopRestartBroker,org_apache_activemq_broker_BrokerService
org_apache_activemq_transport_http_HttpSendCompressedMessagesTest,org_apache_activemq_transport_http_HttpSendCompressedMessagesTest_shutDown,org_apache_activemq_broker_BrokerService
org_apache_activemq_usecases_DurableSubscriptionHangTestCase,org_apache_activemq_usecases_DurableSubscriptionHangTestCase_startBroker,org_apache_activemq_broker_BrokerService
org_apache_activemq_usecases_BrowseDLQTest,org_apache_activemq_usecases_BrowseDLQTest_startBroker,org_apache_activemq_broker_BrokerService
org_apache_activemq_usecases_DurableSubSelectorDelayWithRestartTest,org_apache_activemq_usecases_DurableSubSelectorDelayWithRestartTest_startBroker,org_apache_activemq_broker_BrokerService
org_apache_activemq_broker_advisory_AdvisoryNetworkBridgeTest,org_apache_activemq_broker_advisory_AdvisoryNetworkBridgeTest_createBroker1,org_apache_activemq_broker_BrokerService
org_apache_activemq_usecases_TopicProducerDurableSubFlowControlTest,org_apache_activemq_usecases_TopicProducerDurableSubFlowControlTest_doSetup,org_apache_activemq_broker_BrokerService
org_apache_activemq_broker_jmx_SelectiveMBeanRegistrationTest,org_apache_activemq_broker_jmx_SelectiveMBeanRegistrationTest_createBroker,org_apache_activemq_broker_BrokerService
org_apache_activemq_broker_util_DestinationsPluginTest,org_apache_activemq_broker_util_DestinationsPluginTest_testDestinationSave,org_apache_activemq_broker_BrokerService
org_apache_activemq_network_BrokerNetworkWithStuckMessagesTest,org_apache_activemq_network_BrokerNetworkWithStuckMessagesTest_createBroker,org_apache_activemq_broker_BrokerService
org_apache_activemq_bugs_AMQ5274Test,org_apache_activemq_bugs_AMQ5274Test_consumeAndRollback,org_apache_activemq_ActiveMQConnection
org_apache_activemq_camel_DlqTest,org_apache_activemq_camel_DlqTest_sendJMSMessageToKickOffRoute,org_apache_activemq_ActiveMQConnectionFactory
org_apache_activemq_openwire_v5_MessageAckTest,org_apache_activemq_openwire_v5_MessageAckTest_populateObject,org_apache_activemq_command_MessageAck
org_apache_activemq_openwire_WireFormatInfoPropertiesTest,org_apache_activemq_openwire_WireFormatInfoPropertiesTest_before,org_apache_activemq_broker_BrokerService
org_apache_activemq_bugs_AMQ4487Test,org_apache_activemq_bugs_AMQ4487Test_stopBroker,org_apache_activemq_broker_BrokerService
org_apache_activemq_JmsQueueBrowserExpirationTest,org_apache_activemq_JmsQueueBrowserExpirationTest_startBroker,org_apache_activemq_broker_BrokerService
org_apache_activemq_network_DuplexNetworkMBeanTest,org_apache_activemq_network_DuplexNetworkMBeanTest_createNetworkedBroker,org_apache_activemq_broker_BrokerService
org_apache_activemq_JmsQueueBrowserExpirationTest,org_apache_activemq_JmsQueueBrowserExpirationTest_stopBroker,org_apache_activemq_broker_BrokerService
org_apache_activemq_openwire_v4_ConsumerInfoTest,org_apache_activemq_openwire_v4_ConsumerInfoTest_populateObject,org_apache_activemq_command_ConsumerInfo
org_apache_activemq_transport_mqtt_MQTTTestSupport,org_apache_activemq_transport_mqtt_MQTTTestSupport_restartBroker,org_apache_activemq_broker_BrokerService
org_apache_activemq_broker_policy_PriorityNetworkDispatchPolicyTest,org_apache_activemq_broker_policy_PriorityNetworkDispatchPolicyTest_init,org_apache_activemq_command_ConsumerInfo
org_apache_activemq_bugs_OptimizeAcknowledgeWithExpiredMsgsTest,org_apache_activemq_bugs_OptimizeAcknowledgeWithExpiredMsgsTest_createBroker,org_apache_activemq_broker_BrokerService
org_apache_activemq_java_JavaPolicyEntryTest,org_apache_activemq_java_JavaPolicyEntryTest_startBroker,org_apache_activemq_broker_BrokerService
org_apache_activemq_bugs_AMQ7002Test,org_apache_activemq_bugs_AMQ7002Test_after,org_apache_activemq_broker_BrokerService
org_apache_activemq_transport_amqp_AmqpTransformerTest,org_apache_activemq_transport_amqp_AmqpTransformerTest_startBrokerWithAmqpTransport,org_apache_activemq_broker_BrokerService
org_apache_activemq_RemoveDestinationTest,org_apache_activemq_RemoveDestinationTest_tearDown,org_apache_activemq_broker_BrokerService
org_apache_activemq_usecases_ManagedDurableSubscriptionTest,org_apache_activemq_usecases_ManagedDurableSubscriptionTest_startBroker,org_apache_activemq_broker_BrokerService
org_apache_activemq_usecases_AuthorizationFromAdminViewTest,org_apache_activemq_usecases_AuthorizationFromAdminViewTest_createBroker,org_apache_activemq_broker_BrokerService
org_apache_activemq_bugs_AMQ4814Test,org_apache_activemq_bugs_AMQ4814Test_tearDown,org_apache_activemq_broker_BrokerService
org_apache_activemq_broker_virtual_MultipleCompositeToPhysicalQueueTest,org_apache_activemq_broker_virtual_MultipleCompositeToPhysicalQueueTest_after,org_apache_activemq_broker_BrokerService
org_apache_activemq_store_kahadb_JournalCorruptionExceptionTest,org_apache_activemq_store_kahadb_JournalCorruptionExceptionTest_doStartBroker,org_apache_activemq_broker_BrokerService
org_apache_activemq_broker_policy_DestinationCursorConfigTest,org_apache_activemq_broker_policy_DestinationCursorConfigTest_createBroker,org_apache_activemq_xbean_BrokerFactoryBean
org_apache_activemq_store_kahadb_KahaDBIndexLocationTest,org_apache_activemq_store_kahadb_KahaDBIndexLocationTest_startBroker,org_apache_activemq_broker_BrokerService
org_apache_activemq_broker_ReconnectWithJMXEnabledTest,org_apache_activemq_broker_ReconnectWithJMXEnabledTest_createBroker,org_apache_activemq_broker_BrokerService
org_apache_activemq_usecases_ObjectMessageNotSerializableTest,org_apache_activemq_usecases_ObjectMessageNotSerializableTest_createBroker,org_apache_activemq_broker_BrokerService
org_apache_activemq_openwire_v7_MessageAckTest,org_apache_activemq_openwire_v7_MessageAckTest_populateObject,org_apache_activemq_command_MessageAck
org_apache_activemq_network_jms_QueueOutboundBridgeReconnectTest,org_apache_activemq_network_jms_QueueOutboundBridgeReconnectTest_createSecondBroker,org_apache_activemq_broker_BrokerService
org_apache_activemq_bugs_AMQ3436Test,org_apache_activemq_bugs_AMQ3436Test_setUp,org_apache_activemq_broker_BrokerService
org_apache_activemq_tool_ToolSupport,org_apache_activemq_tool_ToolSupport_createConnection,org_apache_activemq_ActiveMQConnectionFactory
org_apache_activemq_jms_pool_ConnectionExpiryEvictsFromPoolTest,org_apache_activemq_jms_pool_ConnectionExpiryEvictsFromPoolTest_testEvictionOfIdle,org_apache_activemq_jms_pool_PooledConnection
org_apache_activemq_bugs_AMQ6094Test,org_apache_activemq_bugs_AMQ6094Test_after,org_apache_activemq_broker_BrokerService
org_apache_activemq_ra_ActiveMQConnectionExecutorThreadCleanUpTest,org_apache_activemq_ra_ActiveMQConnectionExecutorThreadCleanUpTest_shutDown,org_apache_activemq_broker_BrokerService
org_apache_activemq_TcpTransportCloseConnectionTest,org_apache_activemq_TcpTransportCloseConnectionTest_tearDown,org_apache_activemq_broker_BrokerService
org_apache_activemq_benchmark_Consumer,org_apache_activemq_benchmark_Consumer_subscribe,org_apache_activemq_benchmark_BenchmarkSupport
org_apache_activemq_broker_jmx_TransportConnectorMBeanTest,org_apache_activemq_broker_jmx_TransportConnectorMBeanTest_createBroker,org_apache_activemq_broker_BrokerService
org_apache_activemq_usecases_DurableConsumerCloseAndReconnectTcpTest,org_apache_activemq_usecases_DurableConsumerCloseAndReconnectTcpTest_tearDown,org_apache_activemq_broker_BrokerService
org_apache_activemq_transport_failover_FailoverPriorityTest,org_apache_activemq_transport_failover_FailoverPriorityTest_createBrokerB,org_apache_activemq_transport_failover_FailoverClusterTestSupport
org_apache_activemq_openwire_v9_MessageAckTest,org_apache_activemq_openwire_v9_MessageAckTest_populateObject,org_apache_activemq_command_MessageAck
org_apache_activemq_store_jdbc_JDBCConcurrentDLQTest,org_apache_activemq_store_jdbc_JDBCConcurrentDLQTest_createBroker,org_apache_activemq_broker_BrokerService
org_apache_activemq_usecases_DurableSubCacheTest,org_apache_activemq_usecases_DurableSubCacheTest_createAndStartBroker,org_apache_activemq_broker_BrokerService
org_apache_activemq_store_kahadb_KahaDBIndexLocationTest,org_apache_activemq_store_kahadb_KahaDBIndexLocationTest_createBroker,org_apache_activemq_broker_BrokerService
org_apache_activemq_usecases_DurableSubscriptionTestSupport,org_apache_activemq_usecases_DurableSubscriptionTestSupport_createBroker,org_apache_activemq_broker_BrokerService
org_apache_activemq_usecases_QueueBrowsingLimitTest,org_apache_activemq_usecases_QueueBrowsingLimitTest_startBroker,org_apache_activemq_broker_BrokerService
org_apache_activemq_ra_ActiveMQConnectionExecutorThreadCleanUpTest,org_apache_activemq_ra_ActiveMQConnectionExecutorThreadCleanUpTest_setUp,org_apache_activemq_broker_BrokerService
org_apache_activemq_broker_util_DestinationsPluginTest,org_apache_activemq_broker_util_DestinationsPluginTest_shutdown,org_apache_activemq_broker_BrokerService
org_apache_activemq_openwire_v1_MessageAckTest,org_apache_activemq_openwire_v1_MessageAckTest_populateObject,org_apache_activemq_command_MessageAck
org_apache_activemq_openwire_NumberRangesWhileMarshallingTest,org_apache_activemq_openwire_NumberRangesWhileMarshallingTest_createOpenWireFormat,org_apache_activemq_openwire_OpenWireFormat
org_apache_activemq_usecases_QueueBrowsingLimitTest,org_apache_activemq_usecases_QueueBrowsingLimitTest_stopBroker,org_apache_activemq_broker_BrokerService
org_apache_activemq_usecases_PriorityRedeliveryOrderTest,org_apache_activemq_usecases_PriorityRedeliveryOrderTest_stopBroker,org_apache_activemq_broker_BrokerService
org_apache_activemq_network_CheckDuplicateMessagesOnDuplexTest,org_apache_activemq_network_CheckDuplicateMessagesOnDuplexTest_startLocalBroker,org_apache_activemq_broker_BrokerService
org_apache_activemq_openwire_BooleanStreamTest,org_apache_activemq_openwire_BooleanStreamTest_createOpenWireFormat,org_apache_activemq_openwire_OpenWireFormat
org_apache_activemq_leveldb_test_ReplicatedLevelDBBrokerTest,org_apache_activemq_leveldb_test_ReplicatedLevelDBBrokerTest_stopSlaves,org_apache_activemq_broker_BrokerService
org_apache_activemq_junit_EmbeddedActiveMQBrokerConfigTest,org_apache_activemq_junit_EmbeddedActiveMQBrokerConfigTest_testBrokerNameConfig,org_apache_activemq_junit_EmbeddedActiveMQBroker
org_apache_activemq_jms_pool_JmsPoolTestSupport,org_apache_activemq_jms_pool_JmsPoolTestSupport_getProxyToBroker,org_apache_activemq_broker_BrokerService
org_apache_activemq_bugs_AMQ4356Test,org_apache_activemq_bugs_AMQ4356Test_createBroker,org_apache_activemq_broker_BrokerService
org_apache_activemq_bugs_AMQ4212Test,org_apache_activemq_bugs_AMQ4212Test_createBroker,org_apache_activemq_broker_BrokerService
org_apache_activemq_bugs_AMQ3529v2Test,org_apache_activemq_bugs_AMQ3529v2Test_stopBroker,org_apache_activemq_broker_BrokerService
org_apache_activemq_jms_pool_PooledConnectionTest,org_apache_activemq_jms_pool_PooledConnectionTest_createPooledConnectionFactory,org_apache_activemq_jms_pool_PooledConnectionFactory
org_apache_activemq_java_JavaVirtualDestTest,org_apache_activemq_java_JavaVirtualDestTest_startBroker,org_apache_activemq_broker_BrokerService
org_apache_activemq_usecases_AMQ5153LevelDBSubscribedDestTest,org_apache_activemq_usecases_AMQ5153LevelDBSubscribedDestTest_testWildcardDurableSubscriptions,org_apache_activemq_broker_BrokerService
org_apache_activemq_camel_JmsConsumeSendTransacted,org_apache_activemq_camel_JmsConsumeSendTransacted_sendJMSMessageToKickOffRoute,org_apache_activemq_ActiveMQConnectionFactory
org_apache_activemq_transport_amqp_interop_AmqpCorrelationIdPreservationTest,org_apache_activemq_transport_amqp_interop_AmqpCorrelationIdPreservationTest_doTestCorrelationIdPreservation,org_apache_activemq_transport_amqp_client_AmqpMessage
org_apache_activemq_transport_vm_VMTransportThreadSafeTest,org_apache_activemq_transport_vm_VMTransportThreadSafeTest_doTestStartWithPeerNotStartedEnqueusCommands,org_apache_activemq_transport_vm_VMTransport
org_apache_activemq_broker_BrokerTestSupport,org_apache_activemq_broker_BrokerTestSupport_createConnectionInfo,org_apache_activemq_command_ConnectionInfo
org_apache_activemq_transport_mqtt_MQTTOverlapedSubscriptionsTest,org_apache_activemq_transport_mqtt_MQTTOverlapedSubscriptionsTest_shutdown,org_apache_activemq_broker_BrokerService
org_apache_activemq_bugs_AMQ4368Test,org_apache_activemq_bugs_AMQ4368Test_tearDown,org_apache_activemq_broker_BrokerService
org_apache_activemq_openwire_v3_MessageAckTest,org_apache_activemq_openwire_v3_MessageAckTest_populateObject,org_apache_activemq_command_MessageAck
org_apache_activemq_store_kahadb_JournalFdRecoveryTest,org_apache_activemq_store_kahadb_JournalFdRecoveryTest_configurePersistence,org_apache_activemq_store_kahadb_KahaDBPersistenceAdapter
org_apache_activemq_pool_ConfigFromPropsTest,org_apache_activemq_pool_ConfigFromPropsTest_testBrokerUrlForRarAdminObject,org_apache_activemq_pool_XaPooledConnectionFactory
org_apache_activemq_bugs_AMQ3567Test,org_apache_activemq_bugs_AMQ3567Test_stopBroker,org_apache_activemq_broker_BrokerService
org_apache_activemq_broker_region_cursors_StoreQueueCursorOrderTest,org_apache_activemq_broker_region_cursors_StoreQueueCursorOrderTest_setUp,org_apache_activemq_broker_BrokerService
org_apache_activemq_network_BrokerNetworkWithStuckMessagesTest,org_apache_activemq_network_BrokerNetworkWithStuckMessagesTest_createConnectionInfo,org_apache_activemq_command_ConnectionInfo
org_apache_activemq_broker_advisory_AdvisoryNetworkBridgeTest,org_apache_activemq_broker_advisory_AdvisoryNetworkBridgeTest_createBroker2,org_apache_activemq_broker_BrokerService
org_apache_activemq_broker_jmx_MBeanOperationTimeoutTest,org_apache_activemq_broker_jmx_MBeanOperationTimeoutTest_createBroker,org_apache_activemq_broker_BrokerService
org_apache_activemq_bugs_AMQ3529Test,org_apache_activemq_bugs_AMQ3529Test_startBroker,org_apache_activemq_broker_BrokerService
org_apache_activemq_bugs_AMQ4469Test,org_apache_activemq_bugs_AMQ4469Test_setUp,org_apache_activemq_broker_BrokerService
org_apache_activemq_bugs_AMQ5421Test,org_apache_activemq_bugs_AMQ5421Test_tearDown,org_apache_activemq_broker_BrokerService
org_apache_activemq_junit_EmbeddedActiveMQBrokerConfigTest,org_apache_activemq_junit_EmbeddedActiveMQBrokerConfigTest_testStatisticsPluginConfig,org_apache_activemq_junit_EmbeddedActiveMQBroker
org_apache_activemq_util_LeaseLockerIOExceptionHandler,org_apache_activemq_util_LeaseLockerIOExceptionHandler_LeaseLockerIOExceptionHandler,org_apache_activemq_util_DefaultIOExceptionHandler
org_apache_activemq_broker_TransportConnection,org_apache_activemq_broker_TransportConnection_lookupConnectionState,org_apache_activemq_broker_TransportConnection
org_apache_activemq_broker_util_DestinationsPluginTest,org_apache_activemq_broker_util_DestinationsPluginTest_createBroker,org_apache_activemq_broker_BrokerService
org_apache_activemq_network_jms_TopicBridgeStandaloneReconnectTest,org_apache_activemq_network_jms_TopicBridgeStandaloneReconnectTest_stopLocalBroker,org_apache_activemq_broker_BrokerService
org_apache_activemq_bugs_AMQ2832Test,org_apache_activemq_bugs_AMQ2832Test_tearDown,org_apache_activemq_broker_BrokerService
org_apache_activemq_transport_auto_AutoTransportConfigureTest,org_apache_activemq_transport_auto_AutoTransportConfigureTest_createBroker,org_apache_activemq_broker_BrokerService
org_apache_activemq_transport_nio_NIOAsyncSendWithPFCTest,org_apache_activemq_transport_nio_NIOAsyncSendWithPFCTest_createBroker,org_apache_activemq_broker_BrokerService
org_apache_activemq_bugs_AMQ2200Test,org_apache_activemq_bugs_AMQ2200Test_setUp,org_apache_activemq_broker_BrokerService
org_apache_activemq_bugs_AMQ2174Test,org_apache_activemq_bugs_AMQ2174Test_setUp,org_apache_activemq_broker_BrokerService
org_apache_activemq_bugs_AMQ2213Test,org_apache_activemq_bugs_AMQ2213Test_createBroker,org_apache_activemq_broker_BrokerService
org_apache_activemq_bugs_AMQ2512Test,org_apache_activemq_bugs_AMQ2512Test_tearDown,org_apache_activemq_broker_BrokerService
org_apache_activemq_bugs_AMQ3903Test,org_apache_activemq_bugs_AMQ3903Test_tearDown,org_apache_activemq_broker_BrokerService
org_apache_activemq_bugs_AMQ5921Test,org_apache_activemq_bugs_AMQ5921Test_setUp,org_apache_activemq_broker_BrokerService
org_apache_activemq_bugs_AMQ6117Test,org_apache_activemq_bugs_AMQ6117Test_setup,org_apache_activemq_broker_BrokerService
org_apache_activemq_bugs_AMQ6131Test,org_apache_activemq_bugs_AMQ6131Test_setUpBroker,org_apache_activemq_broker_BrokerService
org_apache_activemq_bugs_AMQ6459Test,org_apache_activemq_bugs_AMQ6459Test_createBroker,org_apache_activemq_broker_BrokerService
org_apache_activemq_xbean_MultipleTestsWithSpringFactoryBeanTest,org_apache_activemq_xbean_MultipleTestsWithSpringFactoryBeanTest_createConnectionFactory,org_apache_activemq_ActiveMQConnectionFactory
org_apache_activemq_usecases_ConsumeUncompressedCompressedMessageTest,org_apache_activemq_usecases_ConsumeUncompressedCompressedMessageTest_createBroker,org_apache_activemq_broker_BrokerService
org_apache_activemq_usecases_DurableConsumerCloseAndReconnectTest,org_apache_activemq_usecases_DurableConsumerCloseAndReconnectTest_stopBroker,org_apache_activemq_broker_BrokerService
org_apache_activemq_junit_EmbeddedActiveMQBrokerXbeanUriConfigTest,org_apache_activemq_junit_EmbeddedActiveMQBrokerXbeanUriConfigTest_testAdvisoryForSlowConsumersConfig,org_apache_activemq_junit_EmbeddedActiveMQBroker
org_apache_activemq_broker_region_cursors_NegativeQueueTest,org_apache_activemq_broker_region_cursors_NegativeQueueTest_createBroker,org_apache_activemq_broker_BrokerService
org_apache_activemq_network_jms_TopicBridgeStandaloneReconnectTest,org_apache_activemq_network_jms_TopicBridgeStandaloneReconnectTest_createSecondBroker,org_apache_activemq_broker_BrokerService
org_apache_activemq_store_kahadb_JournalArchiveTest,org_apache_activemq_store_kahadb_JournalArchiveTest_tearDown,org_apache_activemq_broker_BrokerService
org_apache_activemq_usecases_AMQ2927Test,org_apache_activemq_usecases_AMQ2927Test_restartBroker,org_apache_activemq_JmsMultipleBrokersTestSupport
org_apache_activemq_broker_RedeliveryRecoveryTest,org_apache_activemq_broker_RedeliveryRecoveryTest_restartBroker,org_apache_activemq_broker_BrokerService
org_apache_activemq_bugs_AMQ6059Test,org_apache_activemq_bugs_AMQ6059Test_restartBroker,org_apache_activemq_broker_BrokerService
org_apache_activemq_security_LDAPSecurityTest,org_apache_activemq_security_LDAPSecurityTest_shutdown,org_apache_activemq_broker_BrokerService
org_apache_activemq_bugs_AMQ3992Test,org_apache_activemq_bugs_AMQ3992Test_tearDown,org_apache_activemq_broker_BrokerService
org_apache_activemq_usecases_DurableSubSelectorDelayTest,org_apache_activemq_usecases_DurableSubSelectorDelayTest_startBroker,org_apache_activemq_broker_BrokerService
org_apache_activemq_store_kahadb_MKahaDBIndexLocationTest,org_apache_activemq_store_kahadb_MKahaDBIndexLocationTest_createBroker,org_apache_activemq_broker_BrokerService
org_apache_activemq_bugs_AMQ3567Test,org_apache_activemq_bugs_AMQ3567Test_produceSingleMessage,org_apache_activemq_ActiveMQConnectionFactory
org_apache_activemq_store_kahadb_scheduler_JobSchedulerStoreImpl,org_apache_activemq_store_kahadb_scheduler_JobSchedulerStoreImpl_loadPageFile,org_apache_activemq_store_kahadb_disk_page_PageFile
org_apache_activemq_transport_http_HttpTransportHttpTraceTest,org_apache_activemq_transport_http_HttpTransportHttpTraceTest_setUp,org_apache_activemq_broker_BrokerService
org_apache_activemq_usage_MemoryUsageTest,org_apache_activemq_usage_MemoryUsageTest_testLimitedWaitFail,org_apache_activemq_usage_Usage
org_apache_activemq_command_SessionInfo,org_apache_activemq_command_SessionInfo_SessionInfo,org_apache_activemq_command_SessionId
org_apache_activemq_RemoveDestinationTest,org_apache_activemq_RemoveDestinationTest_setUp,org_apache_activemq_broker_BrokerService
org_apache_activemq_openwire_v1_ConsumerInfoTest,org_apache_activemq_openwire_v1_ConsumerInfoTest_populateObject,org_apache_activemq_command_ConsumerInfo
org_apache_activemq_bugs_AMQ5893Test,org_apache_activemq_bugs_AMQ5893Test_createConnection,org_apache_activemq_ActiveMQConnectionFactory
org_apache_activemq_transport_amqp_interop_AmqpMessageIdPreservationTest,org_apache_activemq_transport_amqp_interop_AmqpMessageIdPreservationTest_doTestMessageIdPreservation,org_apache_activemq_transport_amqp_client_AmqpMessage
org_apache_activemq_transport_amqp_interop_AmqpMessageIdPreservationTest,org_apache_activemq_transport_amqp_interop_AmqpMessageIdPreservationTest_doTestMessageIdPreservationOnBrokerRestart,org_apache_activemq_transport_amqp_client_AmqpMessage
org_apache_activemq_usage_StoreUsageLimitsTest,org_apache_activemq_usage_StoreUsageLimitsTest_createBroker,org_apache_activemq_broker_BrokerService
org_apache_activemq_bugs_AMQ2314Test,org_apache_activemq_bugs_AMQ2314Test_setUp,org_apache_activemq_broker_BrokerService
org_apache_activemq_JmsMessageConsumerClosedTest,org_apache_activemq_JmsMessageConsumerClosedTest_createBroker,org_apache_activemq_broker_BrokerService
org_apache_activemq_bugs_AMQ2870Test,org_apache_activemq_bugs_AMQ2870Test_openConsumer,org_apache_activemq_ActiveMQConnection
org_apache_activemq_bugs_AMQ4222Test,org_apache_activemq_bugs_AMQ4222Test_createBroker,org_apache_activemq_broker_BrokerService
org_apache_activemq_bugs_AMQ5844Test,org_apache_activemq_bugs_AMQ5844Test_createMaster,org_apache_activemq_broker_BrokerService
org_apache_activemq_bugs_AMQ5822Test,org_apache_activemq_bugs_AMQ5822Test_tearDown,org_apache_activemq_broker_BrokerService
org_apache_activemq_bugs_AMQ6094Test,org_apache_activemq_bugs_AMQ6094Test_before,org_apache_activemq_broker_BrokerService
org_apache_activemq_bugs_PfcTimeoutTest,org_apache_activemq_bugs_PfcTimeoutTest_createBroker,org_apache_activemq_broker_BrokerService
org_apache_activemq_openwire_DataFileGenerator,org_apache_activemq_openwire_DataFileGenerator_generateControlFile,org_apache_activemq_openwire_OpenWireFormat
org_apache_activemq_transport_fanout_FanoutTransport,org_apache_activemq_transport_fanout_FanoutTransport_FanoutTransport,org_apache_activemq_thread_TaskRunnerFactory
org_apache_activemq_jms_pool_PooledConnectionSecurityExceptionTest,org_apache_activemq_jms_pool_PooledConnectionSecurityExceptionTest_stopBroker,org_apache_activemq_broker_BrokerService
org_apache_activemq_store_kahadb_plist_PListTest,org_apache_activemq_store_kahadb_plist_PListTest_testRemoveSecond,org_apache_activemq_store_kahadb_plist_PListImpl
org_apache_activemq_transport_mqtt_MQTTTestSupport,org_apache_activemq_transport_mqtt_MQTTTestSupport_startBroker,org_apache_activemq_broker_BrokerService
org_apache_activemq_openwire_v5_ConsumerInfoTest,org_apache_activemq_openwire_v5_ConsumerInfoTest_populateObject,org_apache_activemq_command_ConsumerInfo
org_apache_activemq_openwire_v7_ConsumerInfoTest,org_apache_activemq_openwire_v7_ConsumerInfoTest_populateObject,org_apache_activemq_command_ConsumerInfo
org_apache_activemq_junit_EmbeddedActiveMQBrokerConfigTest,org_apache_activemq_junit_EmbeddedActiveMQBrokerConfigTest_testAdvisoryForFastProducersConfig,org_apache_activemq_junit_EmbeddedActiveMQBroker
org_apache_activemq_broker_policy_DeadLetterTest,org_apache_activemq_broker_policy_DeadLetterTest_createConnectionFactory,org_apache_activemq_RedeliveryPolicy
org_apache_activemq_jmx_TotalMessageCountTest,org_apache_activemq_jmx_TotalMessageCountTest_tearDown,org_apache_activemq_broker_BrokerService
org_apache_activemq_broker_region_DestinationGCStressTest,org_apache_activemq_broker_region_DestinationGCStressTest_tearDown,org_apache_activemq_broker_BrokerService
org_apache_activemq_broker_RedeliveryRestartTest,org_apache_activemq_broker_RedeliveryRestartTest_restartBroker,org_apache_activemq_broker_BrokerService
org_apache_activemq_network_jms_TopicBridgeStandaloneReconnectTest,org_apache_activemq_network_jms_TopicBridgeStandaloneReconnectTest_stopForeignBroker,org_apache_activemq_broker_BrokerService
org_apache_activemq_broker_region_QueueOptimizedDispatchExceptionTest,org_apache_activemq_broker_region_QueueOptimizedDispatchExceptionTest_tearDown,org_apache_activemq_broker_BrokerService
org_apache_activemq_junit_EmbeddedActiveMQBrokerXbeanUriConfigTest,org_apache_activemq_junit_EmbeddedActiveMQBrokerXbeanUriConfigTest_testAdvisoryForFastProducersConfig,org_apache_activemq_junit_EmbeddedActiveMQBroker
org_apache_activemq_usage_CompositeMessageCursorUsageTest,org_apache_activemq_usage_CompositeMessageCursorUsageTest_setUp,org_apache_activemq_broker_BrokerService
org_apache_activemq_usage_QueueMemoryAndStoreUsageCleanupTest,org_apache_activemq_usage_QueueMemoryAndStoreUsageCleanupTest_startBroker,org_apache_activemq_broker_BrokerService
org_apache_activemq_store_jdbc_JDBCTablePrefixAssignedTest,org_apache_activemq_store_jdbc_JDBCTablePrefixAssignedTest_tearDown,org_apache_activemq_broker_BrokerService
org_apache_activemq_store_kahadb_plist_PListTest,org_apache_activemq_store_kahadb_plist_PListTest_testRemoveSecondPosition,org_apache_activemq_store_kahadb_plist_PListImpl
org_apache_activemq_transport_amqp_JMSDurableSubNoLocalChangedTest,org_apache_activemq_transport_amqp_JMSDurableSubNoLocalChangedTest_createBroker,org_apache_activemq_broker_BrokerService
org_apache_activemq_plugin_StatisticsBroker,org_apache_activemq_plugin_StatisticsBroker_getBrokerView,org_apache_activemq_broker_BrokerService
org_apache_activemq_bugs_AMQ4083Test,org_apache_activemq_bugs_AMQ4083Test_tearDown,org_apache_activemq_broker_BrokerService
org_apache_activemq_usecases_TopicSubscriptionSlowConsumerTest,org_apache_activemq_usecases_TopicSubscriptionSlowConsumerTest_createBroker,org_apache_activemq_broker_BrokerService
org_apache_activemq_usecases_TopicProducerFlowControlTest,org_apache_activemq_usecases_TopicProducerFlowControlTest_setUp,org_apache_activemq_broker_BrokerService
org_apache_activemq_broker_virtual_VirtualTopicWildcardTest,org_apache_activemq_broker_virtual_VirtualTopicWildcardTest_createConnection,org_apache_activemq_ActiveMQConnectionFactory
org_apache_activemq_bugs_AMQ6293Test,org_apache_activemq_bugs_AMQ6293Test_before,org_apache_activemq_broker_BrokerService
org_apache_activemq_usecases_TwoBrokerTopicSendReceiveUsingTcpTest,org_apache_activemq_usecases_TwoBrokerTopicSendReceiveUsingTcpTest_setUp,org_apache_activemq_xbean_BrokerFactoryBean
org_apache_activemq_junit_EmbeddedActiveMQBrokerXbeanUriConfigTest,org_apache_activemq_junit_EmbeddedActiveMQBrokerXbeanUriConfigTest_testAdvisoryForDeliveryConfig,org_apache_activemq_junit_EmbeddedActiveMQBroker
org_apache_activemq_junit_EmbeddedActiveMQBrokerXbeanUriConfigTest,org_apache_activemq_junit_EmbeddedActiveMQBrokerXbeanUriConfigTest_testAdvisoryForConsumedConfig,org_apache_activemq_junit_EmbeddedActiveMQBroker
org_apache_activemq_broker_store_RecoverExpiredMessagesTest,org_apache_activemq_broker_store_RecoverExpiredMessagesTest_consumeExpected,org_apache_activemq_broker_BrokerTestSupport
org_apache_activemq_broker_region_DestinationRemoveRestartTest,org_apache_activemq_broker_region_DestinationRemoveRestartTest_createBroker,org_apache_activemq_broker_BrokerService
org_apache_activemq_bugs_MessageExpiryClientSideTest,org_apache_activemq_bugs_MessageExpiryClientSideTest_createBroker,org_apache_activemq_broker_BrokerService
org_apache_activemq_bugs_AMQ3732Test,org_apache_activemq_bugs_AMQ3732Test_startBroker,org_apache_activemq_broker_BrokerService
org_apache_activemq_usecases_TwoBrokersStopSlaveTest,org_apache_activemq_usecases_TwoBrokersStopSlaveTest_createBroker,org_apache_activemq_broker_BrokerService
org_apache_activemq_bugs_AMQ2580Test,org_apache_activemq_bugs_AMQ2580Test_initDurableBroker,org_apache_activemq_broker_BrokerService
org_apache_activemq_junit_EmbeddedActiveMQBrokerXbeanUriConfigTest,org_apache_activemq_junit_EmbeddedActiveMQBrokerXbeanUriConfigTest_testAdvisoryForDiscardingMessagesConfig,org_apache_activemq_junit_EmbeddedActiveMQBroker
org_apache_activemq_state_ConnectionStateTrackerTest,org_apache_activemq_state_ConnectionStateTrackerTest_createConnectionId,org_apache_activemq_command_ConnectionId
org_apache_activemq_transport_amqp_protocol_AmqpWireFormatTest,org_apache_activemq_transport_amqp_protocol_AmqpWireFormatTest_testWhenSaslNotAllowedNonSaslHeaderIsInvliad,org_apache_activemq_transport_amqp_AmqpHeader
org_apache_activemq_PerDestinationStoreLimitTest,org_apache_activemq_PerDestinationStoreLimitTest_createConnectionFactory,org_apache_activemq_ActiveMQConnectionFactory
org_apache_activemq_usage_PeriodicDiskUsageLimitTest,org_apache_activemq_usage_PeriodicDiskUsageLimitTest_startBroker,org_apache_activemq_broker_BrokerService
org_apache_activemq_store_kahadb_JournalCorruptionIndexRecoveryTest,org_apache_activemq_store_kahadb_JournalCorruptionIndexRecoveryTest_tearDown,org_apache_activemq_broker_BrokerService
org_apache_activemq_usecases_TopicProducerToSubFileCursorTest,org_apache_activemq_usecases_TopicProducerToSubFileCursorTest_tearDown,org_apache_activemq_broker_BrokerService
org_apache_activemq_bugs_AMQ4213Test,org_apache_activemq_bugs_AMQ4213Test_tearDown,org_apache_activemq_broker_BrokerService
org_apache_activemq_usecases_DurableSubscriptionWithNoLocalTest,org_apache_activemq_usecases_DurableSubscriptionWithNoLocalTest_createBroker,org_apache_activemq_broker_BrokerService
org_apache_activemq_security_CachedLDAPSecurityLegacyTest,org_apache_activemq_security_CachedLDAPSecurityLegacyTest_setup,org_apache_activemq_broker_BrokerService
org_apache_activemq_bugs_AMQ6125Test,org_apache_activemq_bugs_AMQ6125Test_setUp,org_apache_activemq_broker_BrokerService
org_apache_activemq_ra_FailoverManagedConnectionTest,org_apache_activemq_ra_FailoverManagedConnectionTest_createAndStartBroker,org_apache_activemq_broker_BrokerService
org_apache_activemq_advisory_AdvisoryTests,org_apache_activemq_advisory_AdvisoryTests_createConnectionFactory,org_apache_activemq_ActiveMQConnectionFactory
org_apache_activemq_bugs_AMQ2801Test,org_apache_activemq_bugs_AMQ2801Test_setUp,org_apache_activemq_broker_BrokerService
org_apache_activemq_broker_ReconnectWithJMXEnabledTest,org_apache_activemq_broker_ReconnectWithJMXEnabledTest_createConnectionFactory,org_apache_activemq_ActiveMQConnectionFactory
org_apache_activemq_bugs_AMQ3622Test,org_apache_activemq_bugs_AMQ3622Test_before,org_apache_activemq_broker_BrokerService
org_apache_activemq_broker_scheduler_JobSchedulerTestSupport,org_apache_activemq_broker_scheduler_JobSchedulerTestSupport_tearDown,org_apache_activemq_broker_BrokerService
org_apache_activemq_network_DrainBridgeTest,org_apache_activemq_network_DrainBridgeTest_prepareBrokerWithMessages,org_apache_activemq_broker_BrokerService
org_apache_activemq_bugs_AMQ4157Test,org_apache_activemq_bugs_AMQ4157Test_stopBroker,org_apache_activemq_broker_BrokerService
org_apache_activemq_network_ForceDurableNetworkBridgeTest,org_apache_activemq_network_ForceDurableNetworkBridgeTest_createLocalBroker,org_apache_activemq_broker_BrokerService
org_apache_activemq_network_ForceDurableNetworkBridgeTest,org_apache_activemq_network_ForceDurableNetworkBridgeTest_configureLocalNetworkConnector,org_apache_activemq_network_NetworkBridgeConfiguration
org_apache_activemq_network_NetworkDurableRecreationTest,org_apache_activemq_network_NetworkDurableRecreationTest_createRemoteBroker,org_apache_activemq_broker_BrokerService
org_apache_activemq_network_NetworkDurableRecreationTest,org_apache_activemq_network_NetworkDurableRecreationTest_createLocalBroker,org_apache_activemq_network_NetworkBridgeConfiguration
org_apache_activemq_network_NetworkRestartTest,org_apache_activemq_network_NetworkRestartTest_doTearDown,org_apache_activemq_broker_BrokerService
org_apache_activemq_plugin_BrokerStatisticsPluginTest,org_apache_activemq_plugin_BrokerStatisticsPluginTest_createBroker,org_apache_activemq_broker_BrokerService
org_apache_activemq_bugs_AMQ4814Test,org_apache_activemq_bugs_AMQ4814Test_setup,org_apache_activemq_broker_BrokerService
org_apache_activemq_AbstractVirtualDestTest,org_apache_activemq_AbstractVirtualDestTest_forceAddDestination,org_apache_activemq_ActiveMQConnection
org_apache_activemq_MessageListenerRedeliveryTest,org_apache_activemq_MessageListenerRedeliveryTest_createConnection,org_apache_activemq_ActiveMQConnectionFactory
org_apache_activemq_bugs_AMQ3140Test,org_apache_activemq_bugs_AMQ3140Test_setup,org_apache_activemq_broker_BrokerService
org_apache_activemq_bugs_AMQ3445Test,org_apache_activemq_bugs_AMQ3445Test_tearDown,org_apache_activemq_broker_BrokerService
org_apache_activemq_bugs_AMQ3465Test,org_apache_activemq_bugs_AMQ3465Test_startBroker,org_apache_activemq_broker_BrokerService
org_apache_activemq_bugs_AMQ4361Test,org_apache_activemq_bugs_AMQ4361Test_tearDown,org_apache_activemq_broker_BrokerService
org_apache_activemq_bugs_AMQ4677Test,org_apache_activemq_bugs_AMQ4677Test_setUp,org_apache_activemq_broker_BrokerService
org_apache_activemq_bugs_AMQ6522Test,org_apache_activemq_bugs_AMQ6522Test_createBroker,org_apache_activemq_broker_BrokerService
org_apache_activemq_bugs_AMQ5035Test,org_apache_activemq_bugs_AMQ5035Test_setUp,org_apache_activemq_broker_BrokerService
org_apache_activemq_bugs_AMQ5450Test,org_apache_activemq_bugs_AMQ5450Test_createAndStartBroker,org_apache_activemq_broker_BrokerService
org_apache_activemq_bugs_AMQ5814Test,org_apache_activemq_bugs_AMQ5814Test_shutdown,org_apache_activemq_broker_BrokerService
org_apache_activemq_bugs_RawRollbackTests,org_apache_activemq_bugs_RawRollbackTests_clean,org_apache_activemq_broker_BrokerService
org_apache_activemq_camel_TransactedConsumeTest,org_apache_activemq_camel_TransactedConsumeTest_sendJMSMessageToKickOffRoute,org_apache_activemq_ActiveMQConnectionFactory
org_apache_activemq_camel_AMQ2611Test,org_apache_activemq_camel_AMQ2611Test_createBroker,org_apache_activemq_broker_BrokerService
org_apache_activemq_camel_JmsConsumeSendTransacted,org_apache_activemq_camel_JmsConsumeSendTransacted_createBroker,org_apache_activemq_broker_BrokerService
org_apache_activemq_camel_TransactedConsumeTest,org_apache_activemq_camel_TransactedConsumeTest_createBroker,org_apache_activemq_broker_BrokerService
org_apache_activemq_transport_failover_FailoverPriorityTest,org_apache_activemq_transport_failover_FailoverPriorityTest_createBrokerA,org_apache_activemq_transport_failover_FailoverClusterTestSupport
org_apache_activemq_store_jdbc_JDBCStoreAutoCommitTest,org_apache_activemq_store_jdbc_JDBCStoreAutoCommitTest_createBrokerService,org_apache_activemq_broker_BrokerService
org_apache_activemq_store_jdbc_JDBCTestMemory,org_apache_activemq_store_jdbc_JDBCTestMemory_createRestartedBroker,org_apache_activemq_broker_BrokerService
org_apache_activemq_store_kahadb_MessageDatabaseSizeTest,org_apache_activemq_store_kahadb_MessageDatabaseSizeTest_startBroker,org_apache_activemq_broker_BrokerService
org_apache_activemq_store_kahadb_KahaDBStoreRecoveryExpiryTest,org_apache_activemq_store_kahadb_KahaDBStoreRecoveryExpiryTest_startBroker,org_apache_activemq_broker_BrokerService
org_apache_activemq_ra_ActiveMQActivationSpecTest,org_apache_activemq_ra_ActiveMQActivationSpecTest_testCreateDestinationIncorrectType,org_apache_activemq_ra_ActiveMQActivationSpec
org_apache_activemq_java_JavaDestinationsTest,org_apache_activemq_java_JavaDestinationsTest_startBroker,org_apache_activemq_broker_BrokerService
org_apache_activemq_java_JavaNetworkConnectorTest,org_apache_activemq_java_JavaNetworkConnectorTest_createNetworkConnector,org_apache_activemq_network_NetworkBridgeConfiguration
org_apache_activemq_usecases_ConcurrentProducerDurableConsumerTest,org_apache_activemq_usecases_ConcurrentProducerDurableConsumerTest_createConnectionFactory,org_apache_activemq_ActiveMQConnectionFactory
org_apache_activemq_usecases_MemoryLimitTest,org_apache_activemq_usecases_MemoryLimitTest_createBroker,org_apache_activemq_broker_BrokerService
org_apache_activemq_tool_sampler_AbstractPerformanceSamplerTest,org_apache_activemq_tool_sampler_AbstractPerformanceSamplerTest_testSamplerOnCountBasis,org_apache_activemq_tool_sampler_AbstractPerformanceSampler
org_apache_activemq_broker_policy_DestinationWildcardTest,org_apache_activemq_broker_policy_DestinationWildcardTest_setUp,org_apache_activemq_broker_BrokerService
org_apache_activemq_benchmark_ProducerConsumer,org_apache_activemq_benchmark_ProducerConsumer_run,org_apache_activemq_benchmark_Consumer
org_apache_activemq_broker_BrokerTestSupport,org_apache_activemq_broker_BrokerTestSupport_tearDown,org_apache_activemq_broker_BrokerService
org_apache_activemq_usecases_BrowseDLQTest,org_apache_activemq_usecases_BrowseDLQTest_tearDown,org_apache_activemq_broker_BrokerService
org_apache_activemq_bugs_AMQ3436Test,org_apache_activemq_bugs_AMQ3436Test_tearDown,org_apache_activemq_broker_BrokerService
org_apache_activemq_shiro_authc_DefaultAuthenticationPolicyTest,org_apache_activemq_shiro_authc_DefaultAuthenticationPolicyTest_testIsAssumeIdentity,org_apache_activemq_shiro_authc_DefaultAuthenticationPolicy
org_apache_activemq_store_kahadb_KahaDBStoreRecoveryExpiryTest,org_apache_activemq_store_kahadb_KahaDBStoreRecoveryExpiryTest_stopBroker,org_apache_activemq_broker_BrokerService
org_apache_activemq_bugs_AMQ5914Test,org_apache_activemq_bugs_AMQ5914Test_createBroker,org_apache_activemq_broker_BrokerService
org_apache_activemq_transport_failover_FailoverTimeoutTest,org_apache_activemq_transport_failover_FailoverTimeoutTest_testTimeout,org_apache_activemq_broker_BrokerService
org_apache_activemq_store_kahadb_JournalCorruptionEofIndexRecoveryTest,org_apache_activemq_store_kahadb_JournalCorruptionEofIndexRecoveryTest_tearDown,org_apache_activemq_broker_BrokerService
org_apache_activemq_bugs_AMQ3675Test,org_apache_activemq_bugs_AMQ3675Test_getTopicView,org_apache_activemq_broker_BrokerService
org_apache_activemq_bugs_MemoryUsageCleanupTest,org_apache_activemq_bugs_MemoryUsageCleanupTest_setUp,org_apache_activemq_broker_BrokerService
org_apache_activemq_usecases_QueueOrderSingleTransactedConsumerTest,org_apache_activemq_usecases_QueueOrderSingleTransactedConsumerTest_startBroker,org_apache_activemq_broker_BrokerService
org_apache_activemq_usecases_ReliableReconnectTest,org_apache_activemq_usecases_ReliableReconnectTest_startBroker,org_apache_activemq_broker_BrokerService
org_apache_activemq_usecases_JdbcDurableSubDupTest,org_apache_activemq_usecases_JdbcDurableSubDupTest_startBroker,org_apache_activemq_broker_BrokerService
org_apache_activemq_usecases_UnlimitedEnqueueTest,org_apache_activemq_usecases_UnlimitedEnqueueTest_createBrokerService,org_apache_activemq_broker_BrokerService
org_apache_activemq_usecases_NonBlockingConsumerRedeliveryTest,org_apache_activemq_usecases_NonBlockingConsumerRedeliveryTest_stopBroker,org_apache_activemq_broker_BrokerService
org_apache_activemq_shiro_ShiroPluginTest,org_apache_activemq_shiro_ShiroPluginTest_startBroker,org_apache_activemq_broker_BrokerService
org_apache_activemq_pool_ConnectionFailureEvictsFromPoolTest,org_apache_activemq_pool_ConnectionFailureEvictsFromPoolTest_setUp,org_apache_activemq_broker_BrokerService
org_apache_activemq_ra_FailoverManagedClusterTest,org_apache_activemq_ra_FailoverManagedClusterTest_createAndStartMaster,org_apache_activemq_broker_BrokerService
org_apache_activemq_ExclusiveConsumerTest,org_apache_activemq_ExclusiveConsumerTest_setUp,org_apache_activemq_broker_BrokerService
org_apache_activemq_broker_store_RecoverExpiredMessagesTest,org_apache_activemq_broker_store_RecoverExpiredMessagesTest_sendSomeMessagesThatWillExpireIn5AndThenOne,org_apache_activemq_broker_BrokerTestSupport
org_apache_activemq_network_jms_QueueBridgeStandaloneReconnectTest,org_apache_activemq_network_jms_QueueBridgeStandaloneReconnectTest_stopForeignBroker,org_apache_activemq_broker_BrokerService
org_apache_activemq_bugs_AMQ5212Test,org_apache_activemq_bugs_AMQ5212Test_verifyConsumptionOnDuplicate,org_apache_activemq_ActiveMQConnection
org_apache_activemq_xbean_ConnectorXBeanConfigTest,org_apache_activemq_xbean_ConnectorXBeanConfigTest_testForceBrokerRestart,org_apache_activemq_broker_BrokerService
org_apache_activemq_openwire_OpenWireConnectionTimeoutTest,org_apache_activemq_openwire_OpenWireConnectionTimeoutTest_stopBroker,org_apache_activemq_broker_BrokerService
org_apache_activemq_camel_CamelVMTransportRoutingTest,org_apache_activemq_camel_CamelVMTransportRoutingTest_createBroker,org_apache_activemq_broker_BrokerService
org_apache_activemq_bugs_AMQ5266StarvedConsumerTest,org_apache_activemq_bugs_AMQ5266StarvedConsumerTest_startBroker,org_apache_activemq_broker_region_policy_PolicyEntry
org_apache_activemq_bugs_AMQ5712Test,org_apache_activemq_bugs_AMQ5712Test_createConnection,org_apache_activemq_ActiveMQConnectionFactory
org_apache_activemq_store_kahadb_MKahaDBIndexLocationTest,org_apache_activemq_store_kahadb_MKahaDBIndexLocationTest_stopBroker,org_apache_activemq_broker_BrokerService
org_apache_activemq_bugs_AMQ6387Test,org_apache_activemq_bugs_AMQ6387Test_setUp,org_apache_activemq_broker_BrokerService
org_apache_activemq_bugs_AMQ2983Test,org_apache_activemq_bugs_AMQ2983Test_setup,org_apache_activemq_broker_BrokerService
org_apache_activemq_bugs_AMQ4656Test,org_apache_activemq_bugs_AMQ4656Test_tearDown,org_apache_activemq_broker_BrokerService
org_apache_activemq_bugs_AMQ5863CompositePublishTest,org_apache_activemq_bugs_AMQ5863CompositePublishTest_startBroker,org_apache_activemq_broker_BrokerService
org_apache_activemq_bugs_AMQ4062Test,org_apache_activemq_bugs_AMQ4062Test_startBroker,org_apache_activemq_broker_BrokerService
org_apache_activemq_security_CRLTest,org_apache_activemq_security_CRLTest_after,org_apache_activemq_broker_BrokerService
org_apache_activemq_bugs_AMQ4062Test,org_apache_activemq_bugs_AMQ4062Test_stopBroker,org_apache_activemq_broker_BrokerService
org_apache_activemq_usecases_CreateTemporaryQueueBeforeStartTest,org_apache_activemq_usecases_CreateTemporaryQueueBeforeStartTest_setUp,org_apache_activemq_broker_BrokerService
org_apache_activemq_transport_amqp_AmqpAndMqttTest,org_apache_activemq_transport_amqp_AmqpAndMqttTest_createBroker,org_apache_activemq_broker_BrokerService
org_apache_activemq_MessageListenerRedeliveryTest,org_apache_activemq_MessageListenerRedeliveryTest_getRedeliveryPolicy,org_apache_activemq_RedeliveryPolicy
org_apache_activemq_usecases_TopicDurableConnectStatsTest,org_apache_activemq_usecases_TopicDurableConnectStatsTest_createBroker,org_apache_activemq_broker_BrokerService
org_apache_activemq_usecases_QueueOrderSingleTransactedConsumerTest,org_apache_activemq_usecases_QueueOrderSingleTransactedConsumerTest_getConnectionFactory,org_apache_activemq_usecases_QueueOrderSingleTransactedConsumerTest
org_apache_activemq_ProducerFlowControlTest,org_apache_activemq_ProducerFlowControlTest_createConnectionFactory,org_apache_activemq_ActiveMQConnectionFactory
org_apache_activemq_bugs_amq1974_TryJmsClient,org_apache_activemq_bugs_amq1974_TryJmsClient_addNetworkBroker,org_apache_activemq_network_NetworkBridgeConfiguration
org_apache_activemq_transport_failover_FailoverXATransactionTest,org_apache_activemq_transport_failover_FailoverXATransactionTest_stopBroker,org_apache_activemq_broker_BrokerService
org_apache_activemq_openwire_v4_MessageAckTest,org_apache_activemq_openwire_v4_MessageAckTest_populateObject,org_apache_activemq_command_MessageAck
org_apache_activemq_bugs_AMQ4133Test,org_apache_activemq_bugs_AMQ4133Test_after,org_apache_activemq_broker_BrokerService
org_apache_activemq_broker_region_BaseDestination,org_apache_activemq_broker_region_BaseDestination_createConnectionContext,org_apache_activemq_broker_ConnectionContext
org_apache_activemq_bugs_RawRollbackSharedConsumerTests,org_apache_activemq_bugs_RawRollbackSharedConsumerTests_clean,org_apache_activemq_broker_BrokerService
org_apache_activemq_usecases_JMXRemoveQueueThenSendIgnoredTest,org_apache_activemq_usecases_JMXRemoveQueueThenSendIgnoredTest_setUp,org_apache_activemq_broker_BrokerService
org_apache_activemq_broker_QueueSubscriptionTest,org_apache_activemq_broker_QueueSubscriptionTest_configurePrefetchOfOne,org_apache_activemq_broker_QueueSubscriptionTest
org_apache_activemq_camel_JmsJdbcXARollbackTest,org_apache_activemq_camel_JmsJdbcXARollbackTest_sendJMSMessageToKickOffRoute,org_apache_activemq_ActiveMQConnectionFactory
org_apache_activemq_EmbeddedBrokerAndConnectionTestSupport,org_apache_activemq_EmbeddedBrokerAndConnectionTestSupport_setUp,org_apache_activemq_EmbeddedBrokerTestSupport
org_apache_activemq_network_jms_QueueBridgeStandaloneReconnectTest,org_apache_activemq_network_jms_QueueBridgeStandaloneReconnectTest_stopLocalBroker,org_apache_activemq_broker_BrokerService
org_apache_activemq_bugs_AMQ5421Test,org_apache_activemq_bugs_AMQ5421Test_createConnectionFactory,org_apache_activemq_ActiveMQConnectionFactory
org_apache_activemq_bugs_AMQ5486Test,org_apache_activemq_bugs_AMQ5486Test_setUp,org_apache_activemq_broker_BrokerService
org_apache_activemq_usecases_DurableSubsOfflineSelectorIndexUseTest,org_apache_activemq_usecases_DurableSubsOfflineSelectorIndexUseTest_createBroker,org_apache_activemq_broker_BrokerService
org_apache_activemq_bugs_AMQ3879Test,org_apache_activemq_bugs_AMQ3879Test_createBroker,org_apache_activemq_broker_BrokerService
org_apache_activemq_store_kahadb_MKahaDBIndexLocationTest,org_apache_activemq_store_kahadb_MKahaDBIndexLocationTest_startBroker,org_apache_activemq_broker_BrokerService
org_apache_activemq_bugs_AMQ4356Test,org_apache_activemq_bugs_AMQ4356Test_tearDown,org_apache_activemq_broker_BrokerService
org_apache_activemq_usecases_AMQ6477Test,org_apache_activemq_usecases_AMQ6477Test_before,org_apache_activemq_broker_BrokerService
org_apache_activemq_bugs_TransactionNotStartedErrorTest,org_apache_activemq_bugs_TransactionNotStartedErrorTest_createConnection,org_apache_activemq_ActiveMQConnectionFactory
org_apache_activemq_transport_wss_WSSTransportNeedClientAuthTest,org_apache_activemq_transport_wss_WSSTransportNeedClientAuthTest_tearDown,org_apache_activemq_broker_BrokerService
org_apache_activemq_ActiveMQSslConnectionFactoryTest,org_apache_activemq_ActiveMQSslConnectionFactoryTest_createBroker,org_apache_activemq_broker_BrokerService
org_apache_activemq_proxy_AMQ4889Test,org_apache_activemq_proxy_AMQ4889Test_createBroker,org_apache_activemq_broker_BrokerService
org_apache_activemq_bugs_AMQ6133PersistJMSRedeliveryTest,org_apache_activemq_bugs_AMQ6133PersistJMSRedeliveryTest_createBroker,org_apache_activemq_broker_BrokerService
org_apache_activemq_openwire_v8_ConsumerInfoTest,org_apache_activemq_openwire_v8_ConsumerInfoTest_populateObject,org_apache_activemq_command_ConsumerInfo
org_apache_activemq_bugs_AMQ6059Test,org_apache_activemq_bugs_AMQ6059Test_createConnection,org_apache_activemq_ActiveMQConnectionFactory
org_apache_activemq_usecases_TopicProducerFlowControlTest,org_apache_activemq_usecases_TopicProducerFlowControlTest_tearDown,org_apache_activemq_broker_BrokerService
org_apache_activemq_store_kahadb_ErrorOnFutureSendTest,org_apache_activemq_store_kahadb_ErrorOnFutureSendTest_tearDown,org_apache_activemq_broker_BrokerService
org_apache_activemq_network_CheckDuplicateMessagesOnDuplexTest,org_apache_activemq_network_CheckDuplicateMessagesOnDuplexTest_openLocalConnection,org_apache_activemq_ActiveMQConnectionFactory
org_apache_activemq_store_kahadb_AbstractMultiKahaDBDeletionTest,org_apache_activemq_store_kahadb_AbstractMultiKahaDBDeletionTest_setUpBroker,org_apache_activemq_broker_BrokerService
org_apache_activemq_bugs_AMQ4368Test,org_apache_activemq_bugs_AMQ4368Test_createBroker,org_apache_activemq_broker_BrokerService
org_apache_activemq_usecases_DurableSubscriptionUnsubscribeTest,org_apache_activemq_usecases_DurableSubscriptionUnsubscribeTest_startBroker,org_apache_activemq_broker_BrokerService
org_apache_activemq_broker_BrokerInterceptorsTest,org_apache_activemq_broker_BrokerInterceptorsTest_setUp,org_apache_activemq_broker_BrokerService
org_apache_activemq_network_CheckDuplicateMessagesOnDuplexTest,org_apache_activemq_network_CheckDuplicateMessagesOnDuplexTest_stopLocalBroker,org_apache_activemq_broker_BrokerService
org_apache_activemq_transport_TopicClusterTest,org_apache_activemq_transport_TopicClusterTest_createGenericClusterFactory,org_apache_activemq_broker_BrokerService
org_apache_activemq_store_kahadb_KahaDBStoreOpenWireVersionTest,org_apache_activemq_store_kahadb_KahaDBStoreOpenWireVersionTest_createBroker,org_apache_activemq_broker_BrokerService
org_apache_activemq_bugs_AMQ6133PersistJMSRedeliveryTest,org_apache_activemq_bugs_AMQ6133PersistJMSRedeliveryTest_createConnection,org_apache_activemq_ActiveMQConnectionFactory
org_apache_activemq_bugs_AMQ3445Test,org_apache_activemq_bugs_AMQ3445Test_createBroker,org_apache_activemq_broker_BrokerService
org_apache_activemq_usecases_DurableUnsubscribeTest,org_apache_activemq_usecases_DurableUnsubscribeTest_createBroker,org_apache_activemq_broker_BrokerService
org_apache_activemq_openwire_v8_MessageAckTest,org_apache_activemq_openwire_v8_MessageAckTest_populateObject,org_apache_activemq_command_MessageAck
org_apache_activemq_store_kahadb_JournalArchiveTest,org_apache_activemq_store_kahadb_JournalArchiveTest_configurePersistence,org_apache_activemq_store_kahadb_KahaDBPersistenceAdapter
org_apache_activemq_bugs_AMQ5421Test,org_apache_activemq_bugs_AMQ5421Test_setUp,org_apache_activemq_broker_BrokerService
org_apache_activemq_broker_ft_DbRestartJDBCQueueTest,org_apache_activemq_broker_ft_DbRestartJDBCQueueTest_setUp,org_apache_activemq_broker_BrokerService
org_apache_activemq_bugs_AMQ4475Test,org_apache_activemq_bugs_AMQ4475Test_after,org_apache_activemq_broker_BrokerService
org_apache_activemq_bugs_AMQ6000Test,org_apache_activemq_bugs_AMQ6000Test_setUp,org_apache_activemq_broker_BrokerService
org_apache_activemq_bugs_AMQ3675Test,org_apache_activemq_bugs_AMQ3675Test_setUp,org_apache_activemq_broker_BrokerService
org_apache_activemq_bugs_AMQ5426Test,org_apache_activemq_bugs_AMQ5426Test_createConnectionFactory,org_apache_activemq_ActiveMQConnectionFactory
org_apache_activemq_bugs_AMQ3465Test,org_apache_activemq_bugs_AMQ3465Test_stopBroker,org_apache_activemq_broker_BrokerService
org_apache_activemq_camel_JmsJdbcXARollbackTest,org_apache_activemq_camel_JmsJdbcXARollbackTest_createBroker,org_apache_activemq_broker_BrokerService
org_apache_activemq_store_AbstractMessageStoreSizeStatTest,org_apache_activemq_store_AbstractMessageStoreSizeStatTest_stopBroker,org_apache_activemq_broker_BrokerService
org_apache_activemq_usecases_AdvisoryTopicDeletionTest,org_apache_activemq_usecases_AdvisoryTopicDeletionTest_createBroker,org_apache_activemq_broker_BrokerService
org_apache_activemq_network_jms_TopicOutboundBridgeReconnectTest,org_apache_activemq_network_jms_TopicOutboundBridgeReconnectTest_createSecondBroker,org_apache_activemq_broker_BrokerService
org_apache_activemq_usecases_ProducerConsumerTestSupport,org_apache_activemq_usecases_ProducerConsumerTestSupport_setUp,org_apache_activemq_usecases_TestSupport
org_apache_activemq_bugs_AMQ3567Test,org_apache_activemq_bugs_AMQ3567Test_initializeConsumer,org_apache_activemq_ActiveMQConnectionFactory
org_apache_activemq_transport_http_HttpTransportConnectTimeoutTest,org_apache_activemq_transport_http_HttpTransportConnectTimeoutTest_setUp,org_apache_activemq_broker_BrokerService
org_apache_activemq_store_kahadb_JournalCorruptionEofIndexRecoveryTest,org_apache_activemq_store_kahadb_JournalCorruptionEofIndexRecoveryTest_configurePersistence,org_apache_activemq_store_kahadb_KahaDBPersistenceAdapter
org_apache_activemq_security_AbstractCachedLDAPAuthorizationMapLegacyTest,org_apache_activemq_security_AbstractCachedLDAPAuthorizationMapLegacyTest_testRemove,org_apache_activemq_security_SimpleCachedLDAPAuthorizationMap
org_apache_activemq_broker_scheduler_ReduceMemoryFootprintTest,org_apache_activemq_broker_scheduler_ReduceMemoryFootprintTest_createBroker,org_apache_activemq_broker_BrokerService
org_apache_activemq_bugs_AMQ3678Test,org_apache_activemq_bugs_AMQ3678Test_tearDown,org_apache_activemq_broker_BrokerService
org_apache_activemq_bugs_MissingDataFileTest,org_apache_activemq_bugs_MissingDataFileTest_startBroker,org_apache_activemq_broker_BrokerService
org_apache_activemq_usecases_TwoBrokerTopicSendReceiveUsingJavaConfigurationTest,org_apache_activemq_usecases_TwoBrokerTopicSendReceiveUsingJavaConfigurationTest_createReceiverConnectionFactory,org_apache_activemq_broker_BrokerService
org_apache_activemq_usage_PeriodicDiskUsageLimitTest,org_apache_activemq_usage_PeriodicDiskUsageLimitTest_setUpBroker,org_apache_activemq_broker_BrokerService
org_apache_activemq_bugs_TempStorageConfigBrokerTest,org_apache_activemq_bugs_TempStorageConfigBrokerTest_createBrokerWithInvalidTempStoreConfig,org_apache_activemq_broker_BrokerService
org_apache_activemq_broker_policy_MaxDestinationsPolicyTest,org_apache_activemq_broker_policy_MaxDestinationsPolicyTest_setUp,org_apache_activemq_broker_BrokerService
org_apache_activemq_bugs_AMQ3529Test,org_apache_activemq_bugs_AMQ3529Test_stopBroker,org_apache_activemq_broker_BrokerService
org_apache_activemq_ActiveMQConnectionFactoryTest,org_apache_activemq_ActiveMQConnectionFactoryTest_assertCreateConnection,org_apache_activemq_broker_BrokerService
org_apache_activemq_bugs_AMQ3961Test,org_apache_activemq_bugs_AMQ3961Test_tearDown,org_apache_activemq_broker_BrokerService
org_apache_activemq_statistics_AbstractInflightMessageSizeTest,org_apache_activemq_statistics_AbstractInflightMessageSizeTest_createConnectionFactory,org_apache_activemq_ActiveMQPrefetchPolicy
org_apache_activemq_openwire_v1_MessageTestSupport,org_apache_activemq_openwire_v1_MessageTestSupport_populateObject,org_apache_activemq_command_Message
org_apache_activemq_usecases_ExceptionListenerTest,org_apache_activemq_usecases_ExceptionListenerTest_startBroker,org_apache_activemq_broker_BrokerService
org_apache_activemq_usecases_DurableSubscriptionWithNoLocalTest,org_apache_activemq_usecases_DurableSubscriptionWithNoLocalTest_tearDown,org_apache_activemq_broker_BrokerService
org_apache_activemq_transport_amqp_protocol_AmqpWireFormatTest,org_apache_activemq_transport_amqp_protocol_AmqpWireFormatTest_testNonSaslHeaderAfterSaslAuthenticationIsAccepted,org_apache_activemq_transport_amqp_AmqpHeader
org_apache_activemq_openwire_v3_ConsumerInfoTest,org_apache_activemq_openwire_v3_ConsumerInfoTest_populateObject,org_apache_activemq_command_ConsumerInfo
org_apache_activemq_transport_tcp_TcpTransportCloseSocketTest,org_apache_activemq_transport_tcp_TcpTransportCloseSocketTest_after,org_apache_activemq_broker_BrokerService
org_apache_activemq_broker_scheduler_JobSchedulerRedliveryPluginDLQStoreCleanupTest,org_apache_activemq_broker_scheduler_JobSchedulerRedliveryPluginDLQStoreCleanupTest_tearDown,org_apache_activemq_broker_BrokerService
org_apache_activemq_bugs_AMQ3324Test,org_apache_activemq_bugs_AMQ3324Test_tearDown,org_apache_activemq_broker_BrokerService
org_apache_activemq_security_LDAPAuthenticationTest,org_apache_activemq_security_LDAPAuthenticationTest_shutdown,org_apache_activemq_broker_BrokerService
org_apache_activemq_bugs_AMQ2200Test,org_apache_activemq_bugs_AMQ2200Test_tearDown,org_apache_activemq_broker_BrokerService
org_apache_activemq_bugs_AMQ5816Test,org_apache_activemq_bugs_AMQ5816Test_tearDown,org_apache_activemq_broker_BrokerService
org_apache_activemq_bugs_AMQ2801Test,org_apache_activemq_bugs_AMQ2801Test_createConnection,org_apache_activemq_ActiveMQConnectionFactory
org_apache_activemq_bugs_AMQ2736Test,org_apache_activemq_bugs_AMQ2736Test_createAndStartBroker,org_apache_activemq_broker_BrokerService
org_apache_activemq_junit_EmbeddedActiveMQBrokerXbeanUriConfigTest,org_apache_activemq_junit_EmbeddedActiveMQBrokerXbeanUriConfigTest_testStatisticsPluginConfig,org_apache_activemq_junit_EmbeddedActiveMQBroker
org_apache_activemq_usecases_TopicProducerToSubFileCursorTest,org_apache_activemq_usecases_TopicProducerToSubFileCursorTest_setUp,org_apache_activemq_broker_BrokerService
org_apache_activemq_broker_RedeliveryRestartWithExceptionTest,org_apache_activemq_broker_RedeliveryRestartWithExceptionTest_restartBroker,org_apache_activemq_broker_BrokerService
org_apache_activemq_bugs_TempStoreDataCleanupTest,org_apache_activemq_bugs_TempStoreDataCleanupTest_setUp,org_apache_activemq_broker_BrokerService
org_apache_activemq_web_RemoteJMXBrokerFailoverTest,org_apache_activemq_web_RemoteJMXBrokerFailoverTest_stopAndRestartMaster,org_apache_activemq_broker_BrokerService
org_apache_activemq_usecases_TwoBrokerTopicSendReceiveUsingJavaConfigurationTest,org_apache_activemq_usecases_TwoBrokerTopicSendReceiveUsingJavaConfigurationTest_createSenderConnectionFactory,org_apache_activemq_broker_BrokerService
org_apache_activemq_broker_jmx_TransportConnectorMBeanTest,org_apache_activemq_broker_jmx_TransportConnectorMBeanTest_createConnection,org_apache_activemq_ActiveMQConnectionFactory
org_apache_activemq_broker_region_cursors_NegativeQueueTest,org_apache_activemq_broker_region_cursors_NegativeQueueTest_configureBroker,org_apache_activemq_broker_BrokerService
org_apache_activemq_bugs_AMQ5336Test,org_apache_activemq_bugs_AMQ5336Test_after,org_apache_activemq_broker_BrokerService
org_apache_activemq_broker_region_cursors_AbstractPendingMessageCursorTest,org_apache_activemq_broker_region_cursors_AbstractPendingMessageCursorTest_stopBroker,org_apache_activemq_broker_BrokerService
org_apache_activemq_bugs_AMQ5266SingleDestTest,org_apache_activemq_bugs_AMQ5266SingleDestTest_startBroker,org_apache_activemq_broker_region_policy_PolicyEntry
org_apache_activemq_bugs_AMQ3674Test,org_apache_activemq_bugs_AMQ3674Test_setUp,org_apache_activemq_broker_BrokerService
org_apache_activemq_broker_QueueMbeanRestartTest,org_apache_activemq_broker_QueueMbeanRestartTest_restartBroker,org_apache_activemq_broker_BrokerService
org_apache_activemq_pool_PooledConsumerTest,org_apache_activemq_pool_PooledConsumerTest_stopBroker,org_apache_activemq_broker_BrokerService
org_apache_activemq_bugs_AMQ4656Test,org_apache_activemq_bugs_AMQ4656Test_setUp,org_apache_activemq_broker_BrokerService
org_apache_activemq_network_jms_QueueBridgeStandaloneReconnectTest,org_apache_activemq_network_jms_QueueBridgeStandaloneReconnectTest_createSecondBroker,org_apache_activemq_broker_BrokerService
org_apache_activemq_camel_component_ComplexRequestReplyTest,org_apache_activemq_camel_component_ComplexRequestReplyTest_createBroker,org_apache_activemq_broker_BrokerService
org_apache_activemq_store_StoreOrderTest,org_apache_activemq_store_StoreOrderTest_initConnection,org_apache_activemq_ActiveMQConnection
org_apache_activemq_jms_pool_PooledConnectionFailoverTest,org_apache_activemq_jms_pool_PooledConnectionFailoverTest_createBroker,org_apache_activemq_broker_BrokerService
org_apache_activemq_broker_region_cursors_FilePendingMessageCursorTestSupport,org_apache_activemq_broker_region_cursors_FilePendingMessageCursorTestSupport_createBrokerWithTempStoreLimit,org_apache_activemq_broker_BrokerService
org_apache_activemq_usecases_ObjectMessageNotSerializableTest,org_apache_activemq_usecases_ObjectMessageNotSerializableTest_tearDown,org_apache_activemq_broker_BrokerService
org_apache_activemq_test_retroactive_RetroactiveConsumerBrokerRestartedTest,org_apache_activemq_test_retroactive_RetroactiveConsumerBrokerRestartedTest_createBroker,org_apache_activemq_broker_BrokerService
org_apache_activemq_bugs_AMQ3934Test,org_apache_activemq_bugs_AMQ3934Test_tearDown,org_apache_activemq_broker_BrokerService
org_apache_activemq_usecases_PriorityRedeliveryOrderTest,org_apache_activemq_usecases_PriorityRedeliveryOrderTest_createBroker,org_apache_activemq_broker_BrokerService
org_apache_activemq_junit_EmbeddedActiveMQBrokerConfigTest,org_apache_activemq_junit_EmbeddedActiveMQBrokerConfigTest_testAdvisoryForSlowConsumersConfig,org_apache_activemq_junit_EmbeddedActiveMQBroker
org_apache_activemq_store_kahadb_KahaDBFastEnqueueTest,org_apache_activemq_store_kahadb_KahaDBFastEnqueueTest_startBroker,org_apache_activemq_store_kahadb_KahaDBPersistenceAdapter
org_apache_activemq_broker_jmx_MBeanOperationTimeoutTest,org_apache_activemq_broker_jmx_MBeanOperationTimeoutTest_tearDown,org_apache_activemq_broker_BrokerService
org_apache_activemq_network_CheckDuplicateMessagesOnDuplexTest,org_apache_activemq_network_CheckDuplicateMessagesOnDuplexTest_stopRemoteBroker,org_apache_activemq_broker_BrokerService
org_apache_activemq_command_DataStructureTestSupport,org_apache_activemq_command_DataStructureTestSupport_createWireFormat,org_apache_activemq_openwire_OpenWireFormat
org_apache_activemq_network_CheckDuplicateMessagesOnDuplexTest,org_apache_activemq_network_CheckDuplicateMessagesOnDuplexTest_startRemoteBroker,org_apache_activemq_broker_BrokerService
org_apache_activemq_bugs_AMQ5274Test,org_apache_activemq_bugs_AMQ5274Test_createConnection,org_apache_activemq_ActiveMQConnectionFactory
org_apache_activemq_bugs_MessageExpirationReaperTest,org_apache_activemq_bugs_MessageExpirationReaperTest_createBroker,org_apache_activemq_broker_BrokerService
org_apache_activemq_bugs_AMQ4899Test,org_apache_activemq_bugs_AMQ4899Test_tearDown,org_apache_activemq_broker_BrokerService
org_apache_activemq_store_kahadb_KahaDBIndexLocationTest,org_apache_activemq_store_kahadb_KahaDBIndexLocationTest_stopBroker,org_apache_activemq_broker_BrokerService
org_apache_activemq_usecases_DurableSubsOfflineSelectorConcurrentConsumeIndexUseTest,org_apache_activemq_usecases_DurableSubsOfflineSelectorConcurrentConsumeIndexUseTest_createBroker,org_apache_activemq_broker_BrokerService
org_apache_activemq_usecases_DurableSubscriptionUpdatesTest,org_apache_activemq_usecases_DurableSubscriptionUpdatesTest_createConnection,org_apache_activemq_ActiveMQConnectionFactory
org_apache_activemq_TcpTransportCloseConnectionTest,org_apache_activemq_TcpTransportCloseConnectionTest_startBroker,org_apache_activemq_broker_BrokerService
org_apache_activemq_bugs_AMQ3992Test,org_apache_activemq_bugs_AMQ3992Test_setUp,org_apache_activemq_broker_BrokerService
org_apache_activemq_usage_PercentDiskUsageLimitTest,org_apache_activemq_usage_PercentDiskUsageLimitTest_startBroker,org_apache_activemq_broker_BrokerService
org_apache_activemq_bugs_AMQ6522Test,org_apache_activemq_bugs_AMQ6522Test_tearDown,org_apache_activemq_broker_BrokerService
org_apache_activemq_bugs_AMQ5822Test,org_apache_activemq_bugs_AMQ5822Test_setUp,org_apache_activemq_broker_BrokerService
org_apache_activemq_bugs_AMQ6131Test,org_apache_activemq_bugs_AMQ6131Test_stopBroker,org_apache_activemq_broker_BrokerService
org_apache_activemq_web_RemoteJMXBrokerTest,org_apache_activemq_web_RemoteJMXBrokerTest_startUp,org_apache_activemq_broker_BrokerService
org_apache_activemq_usecases_DurableSubscriptionTestSupport,org_apache_activemq_usecases_DurableSubscriptionTestSupport_createRestartedBroker,org_apache_activemq_broker_BrokerService
org_apache_activemq_security_LDAPSecurityTest,org_apache_activemq_security_LDAPSecurityTest_setup,org_apache_activemq_broker_BrokerService
org_apache_activemq_usecases_StartAndStopBrokerTest,org_apache_activemq_usecases_StartAndStopBrokerTest_createBroker,org_apache_activemq_broker_BrokerService
org_apache_activemq_console_DstatCommandTest,org_apache_activemq_console_DstatCommandTest_createBroker,org_apache_activemq_broker_BrokerService
org_apache_activemq_transport_amqp_JMSDurableSubNoLocalChangedTest,org_apache_activemq_transport_amqp_JMSDurableSubNoLocalChangedTest_stopBroker,org_apache_activemq_broker_BrokerService
org_apache_activemq_jms_pool_PooledConnectionSecurityExceptionTest,org_apache_activemq_jms_pool_PooledConnectionSecurityExceptionTest_startBroker,org_apache_activemq_broker_BrokerService
org_apache_activemq_test_retroactive_RetroactiveConsumerBrokerRestartedTest,org_apache_activemq_test_retroactive_RetroactiveConsumerBrokerRestartedTest_createRestartedBroker,org_apache_activemq_broker_BrokerService
org_apache_activemq_bugs_AMQ4530Test,org_apache_activemq_bugs_AMQ4530Test_tearDown,org_apache_activemq_broker_BrokerService
org_apache_activemq_command_XATransactionId,org_apache_activemq_command_XATransactionId_initFromEncodedBytes,org_apache_activemq_util_DataByteArrayInputStream
org_apache_activemq_bugs_AMQ6133PersistJMSRedeliveryTest,org_apache_activemq_bugs_AMQ6133PersistJMSRedeliveryTest_restart,org_apache_activemq_broker_BrokerService
org_apache_activemq_usecases_ConcurrentProducerQueueConsumerTest,org_apache_activemq_usecases_ConcurrentProducerQueueConsumerTest_createConnectionFactory,org_apache_activemq_ActiveMQConnectionFactory
org_apache_activemq_bugs_AMQ3961Test,org_apache_activemq_bugs_AMQ3961Test_setUp,org_apache_activemq_broker_BrokerService
org_apache_activemq_broker_virtual_VirtualTopicWildcardTest,org_apache_activemq_broker_virtual_VirtualTopicWildcardTest_createBroker,org_apache_activemq_broker_BrokerService
org_apache_activemq_bugs_DuplicateFromStoreTest,org_apache_activemq_bugs_DuplicateFromStoreTest_startBroker,org_apache_activemq_broker_BrokerService
org_apache_activemq_bugs_AMQ3678Test,org_apache_activemq_bugs_AMQ3678Test_setUp,org_apache_activemq_broker_BrokerService
org_apache_activemq_bugs_AMQ6254Test,org_apache_activemq_bugs_AMQ6254Test_createConnection,org_apache_activemq_ActiveMQConnectionFactory
org_apache_activemq_bugs_AMQ6432Test,org_apache_activemq_bugs_AMQ6432Test_setup,org_apache_activemq_broker_BrokerService
org_apache_activemq_bugs_QueueWorkerPrefetchTest,org_apache_activemq_bugs_QueueWorkerPrefetchTest_setUp,org_apache_activemq_broker_BrokerService
org_apache_activemq_store_kahadb_JournalCorruptionExceptionTest,org_apache_activemq_store_kahadb_JournalCorruptionExceptionTest_tearDown,org_apache_activemq_broker_BrokerService
org_apache_activemq_bugs_AMQ3879Test,org_apache_activemq_bugs_AMQ3879Test_tearDown,org_apache_activemq_broker_BrokerService
org_apache_activemq_bugs_MissingDataFileTest,org_apache_activemq_bugs_MissingDataFileTest_createConnection,org_apache_activemq_ActiveMQConnectionFactory
org_apache_activemq_transport_amqp_JMSClientSimpleAuthTest,org_apache_activemq_transport_amqp_JMSClientSimpleAuthTest_startBroker,org_apache_activemq_broker_BrokerService
org_apache_activemq_transport_http_HttpPullConsumerTest,org_apache_activemq_transport_http_HttpPullConsumerTest_stopBroker,org_apache_activemq_broker_BrokerService
org_apache_activemq_bugs_AMQ3141Test,org_apache_activemq_bugs_AMQ3141Test_setup,org_apache_activemq_broker_BrokerService
org_apache_activemq_broker_QueueSubscriptionTest,org_apache_activemq_broker_QueueSubscriptionTest_doMultipleClientsTest,org_apache_activemq_broker_TopicSubscriptionTest
org_apache_activemq_usecases_ConcurrentDestinationCreationTest,org_apache_activemq_usecases_ConcurrentDestinationCreationTest_createBroker,org_apache_activemq_broker_BrokerService
org_apache_activemq_ra_FailoverManagedConnectionTest,org_apache_activemq_ra_FailoverManagedConnectionTest_stopBroker,org_apache_activemq_broker_BrokerService
org_apache_activemq_network_NetworkLoadTest,org_apache_activemq_network_NetworkLoadTest_createConnection,org_apache_activemq_ActiveMQConnectionFactory
org_apache_activemq_bugs_AMQ4356Test,org_apache_activemq_bugs_AMQ4356Test_restartBroker,org_apache_activemq_broker_BrokerService
org_apache_activemq_transport_http_HttpJettyConfigurationTest,org_apache_activemq_transport_http_HttpJettyConfigurationTest_setUp,org_apache_activemq_broker_BrokerService
org_apache_activemq_bugs_AMQ4671Test,org_apache_activemq_bugs_AMQ4671Test_tearDown,org_apache_activemq_broker_BrokerService
org_apache_activemq_bugs_AMQ3352Test,org_apache_activemq_bugs_AMQ3352Test_startBroker,org_apache_activemq_broker_BrokerService
org_apache_activemq_store_kahadb_KahaDBDeleteLockTest,org_apache_activemq_store_kahadb_KahaDBDeleteLockTest_createMaster,org_apache_activemq_broker_BrokerService
org_apache_activemq_junit_EmbeddedActiveMQBrokerConfigTest,org_apache_activemq_junit_EmbeddedActiveMQBrokerConfigTest_testAdvisoryForDiscardingMessagesConfig,org_apache_activemq_junit_EmbeddedActiveMQBroker
org_apache_activemq_bugs_AMQ4361Test,org_apache_activemq_bugs_AMQ4361Test_setUp,org_apache_activemq_broker_BrokerService
org_apache_activemq_console_PurgeCommandTest,org_apache_activemq_console_PurgeCommandTest_createBroker,org_apache_activemq_broker_BrokerService
org_apache_activemq_bugs_AMQ6194Test,org_apache_activemq_bugs_AMQ6194Test_before,org_apache_activemq_broker_BrokerService
org_apache_activemq_broker_OpenwireConnectionTest,org_apache_activemq_broker_OpenwireConnectionTest_startBroker,org_apache_activemq_broker_BrokerService
org_apache_activemq_store_kahadb_AbstractMultiKahaDBDeletionTest,org_apache_activemq_store_kahadb_AbstractMultiKahaDBDeletionTest_stopBroker,org_apache_activemq_broker_BrokerService
org_apache_activemq_broker_scheduler_LostScheduledMessagesTest,org_apache_activemq_broker_scheduler_LostScheduledMessagesTest_startBroker,org_apache_activemq_broker_BrokerService
org_apache_activemq_usage_QueueMemoryAndStoreUsageCleanupTest,org_apache_activemq_usage_QueueMemoryAndStoreUsageCleanupTest_stopBroker,org_apache_activemq_broker_BrokerService
org_apache_activemq_bugs_AMQ1853Test,org_apache_activemq_bugs_AMQ1853Test_tearDown,org_apache_activemq_broker_BrokerService
org_apache_activemq_security_LDAPAuthenticationTest,org_apache_activemq_security_LDAPAuthenticationTest_setup,org_apache_activemq_broker_BrokerService
org_apache_activemq_store_kahadb_KahaDBStoreOpenWireVersionTest,org_apache_activemq_store_kahadb_KahaDBStoreOpenWireVersionTest_stopBroker,org_apache_activemq_broker_BrokerService
org_apache_activemq_bugs_VerifySteadyEnqueueRate,org_apache_activemq_bugs_VerifySteadyEnqueueRate_startBroker,org_apache_activemq_broker_BrokerService
org_apache_activemq_network_BrokerNetworkWithStuckMessagesTest,org_apache_activemq_network_BrokerNetworkWithStuckMessagesTest_createRemoteBroker,org_apache_activemq_broker_BrokerService
org_apache_activemq_broker_region_DestinationGCTest,org_apache_activemq_broker_region_DestinationGCTest_tearDown,org_apache_activemq_broker_BrokerService
org_apache_activemq_bugs_amq1974_TryJmsManager,org_apache_activemq_bugs_amq1974_TryJmsManager_start,org_apache_activemq_broker_BrokerService
org_apache_activemq_store_kahadb_ErrorOnFutureSendTest,org_apache_activemq_store_kahadb_ErrorOnFutureSendTest_startBroker,org_apache_activemq_broker_BrokerService
org_apache_activemq_transport_auto_AutoSslAuthTest,org_apache_activemq_transport_auto_AutoSslAuthTest_after,org_apache_activemq_broker_BrokerService
org_apache_activemq_network_ForwardingBridgeTest,org_apache_activemq_network_ForwardingBridgeTest_setUp,org_apache_activemq_network_NetworkTestSupport
org_apache_activemq_ActiveMQConnectionFactoryTest,org_apache_activemq_ActiveMQConnectionFactoryTest_testCreateTcpConnectionUsingKnownLocalPort,org_apache_activemq_broker_BrokerService
org_apache_activemq_ActiveMQSessionExecutor,org_apache_activemq_ActiveMQSessionExecutor_hasUncomsumedMessages,org_apache_activemq_MessageDispatchChannel
org_apache_activemq_web_RemoteJMXBrokerTest,org_apache_activemq_web_RemoteJMXBrokerTest_after,org_apache_activemq_broker_BrokerService
org_apache_activemq_bugs_AMQ7085Test,org_apache_activemq_bugs_AMQ7085Test_setUp,org_apache_activemq_broker_BrokerService
org_apache_activemq_network_DuplexNetworkMBeanTest,org_apache_activemq_network_DuplexNetworkMBeanTest_createBroker,org_apache_activemq_broker_BrokerService
org_apache_activemq_util_DataByteArrayInputStreamTest,org_apache_activemq_util_DataByteArrayInputStreamTest_doMarshallUnMarshallValidation,org_apache_activemq_util_DataByteArrayOutputStream
org_apache_activemq_bugs_AMQ4083Test,org_apache_activemq_bugs_AMQ4083Test_setUp,org_apache_activemq_broker_BrokerService
org_apache_activemq_bugs_AMQ6463Test,org_apache_activemq_bugs_AMQ6463Test_createConnectionFactory,org_apache_activemq_ActiveMQConnectionFactory
org_apache_activemq_store_kahadb_JournalMetaDataCheckpointTest,org_apache_activemq_store_kahadb_JournalMetaDataCheckpointTest_configurePersistence,org_apache_activemq_store_kahadb_KahaDBPersistenceAdapter
org_apache_activemq_openwire_v2_MessageTestSupport,org_apache_activemq_openwire_v2_MessageTestSupport_populateObject,org_apache_activemq_command_Message
org_apache_activemq_usecases_SelectorAwareVTThatDropsMessagesWhenNoConsumer,org_apache_activemq_usecases_SelectorAwareVTThatDropsMessagesWhenNoConsumer_tearDown,org_apache_activemq_broker_BrokerService
org_apache_activemq_bugs_AMQ5136Test,org_apache_activemq_bugs_AMQ5136Test_startBroker,org_apache_activemq_broker_BrokerService
org_apache_activemq_bugs_AMQ2513Test,org_apache_activemq_bugs_AMQ2513Test_createBroker,org_apache_activemq_broker_BrokerService
org_apache_activemq_junit_EmbeddedActiveMQBrokerConfigTest,org_apache_activemq_junit_EmbeddedActiveMQBrokerConfigTest_testAdvisoryForDeliveryConfig,org_apache_activemq_junit_EmbeddedActiveMQBroker
org_apache_activemq_store_kahadb_KahaDBDurableMessageRecoveryTest,org_apache_activemq_store_kahadb_KahaDBDurableMessageRecoveryTest_startBroker,org_apache_activemq_broker_BrokerService
org_apache_activemq_usecases_NonBlockingConsumerRedeliveryTest,org_apache_activemq_usecases_NonBlockingConsumerRedeliveryTest_startBroker,org_apache_activemq_broker_BrokerService
org_apache_activemq_leveldb_test_PListTest,org_apache_activemq_leveldb_test_PListTest_testBrokerStop,org_apache_activemq_broker_BrokerService
org_apache_activemq_RuntimeConfigTestSupport,org_apache_activemq_RuntimeConfigTestSupport_stopBroker,org_apache_activemq_broker_BrokerService
org_apache_activemq_transport_auto_AutoWireFormatConfigurationTest,org_apache_activemq_transport_auto_AutoWireFormatConfigurationTest_after,org_apache_activemq_broker_BrokerService
org_apache_activemq_bugs_AMQ7085Test,org_apache_activemq_bugs_AMQ7085Test_tearDown,org_apache_activemq_broker_BrokerService
org_apache_activemq_broker_OpenwireConnectionTest,org_apache_activemq_broker_OpenwireConnectionTest_stopBroker,org_apache_activemq_broker_BrokerService
org_apache_activemq_ra_ActiveMQActivationSpecTest,org_apache_activemq_ra_ActiveMQActivationSpecTest_testCreateDestinationIncorrectDestinationName,org_apache_activemq_ra_ActiveMQActivationSpec
org_apache_activemq_bugs_AMQ6122Test,org_apache_activemq_bugs_AMQ6122Test_setUp,org_apache_activemq_broker_BrokerService
org_apache_activemq_bugs_AMQ1853Test,org_apache_activemq_bugs_AMQ1853Test_setUp,org_apache_activemq_broker_BrokerService
org_apache_activemq_ConnectionCloseMultipleTimesTest,org_apache_activemq_ConnectionCloseMultipleTimesTest_testCloseMultipleTimes,org_apache_activemq_ActiveMQConnection
org_apache_activemq_jmx_TotalMessageCountTest,org_apache_activemq_jmx_TotalMessageCountTest_startBroker,org_apache_activemq_broker_BrokerService
org_apache_activemq_bugs_AMQ4595Test,org_apache_activemq_bugs_AMQ4595Test_stopBroker,org_apache_activemq_broker_BrokerService
org_apache_activemq_bugs_AMQ5274Test,org_apache_activemq_bugs_AMQ5274Test_startBroker,org_apache_activemq_broker_BrokerService
org_apache_activemq_bugs_AMQ5816Test,org_apache_activemq_bugs_AMQ5816Test_setUp,org_apache_activemq_broker_BrokerService
org_apache_activemq_bugs_AMQ5814Test,org_apache_activemq_bugs_AMQ5814Test_setup,org_apache_activemq_broker_BrokerService
org_apache_activemq_JmsRollbackRedeliveryTest,org_apache_activemq_JmsRollbackRedeliveryTest_setUp,org_apache_activemq_broker_BrokerService
org_apache_activemq_bugs_AMQ6059Test,org_apache_activemq_bugs_AMQ6059Test_tearDown,org_apache_activemq_broker_BrokerService
org_apache_activemq_bugs_QueueWorkerPrefetchTest,org_apache_activemq_bugs_QueueWorkerPrefetchTest_tearDown,org_apache_activemq_broker_BrokerService
org_apache_activemq_bugs_AMQ2736Test,org_apache_activemq_bugs_AMQ2736Test_testRollbackOnRecover,org_apache_activemq_broker_BrokerService
org_apache_activemq_usecases_DurableSubscriptionUpdatesTest,org_apache_activemq_usecases_DurableSubscriptionUpdatesTest_createBroker,org_apache_activemq_broker_BrokerService
org_apache_activemq_store_kahadb_JournalFdRecoveryTest,org_apache_activemq_store_kahadb_JournalFdRecoveryTest_tearDown,org_apache_activemq_broker_BrokerService
org_apache_activemq_security_CachedLDAPSecurityLegacyTest,org_apache_activemq_security_CachedLDAPSecurityLegacyTest_shutdown,org_apache_activemq_broker_BrokerService
org_apache_activemq_usage_PercentDiskUsageLimitTest,org_apache_activemq_usage_PercentDiskUsageLimitTest_stopBroker,org_apache_activemq_broker_BrokerService
org_apache_activemq_jms_pool_ConnectionExpiryEvictsFromPoolTest,org_apache_activemq_jms_pool_ConnectionExpiryEvictsFromPoolTest_testNotIdledWhenInUse,org_apache_activemq_jms_pool_PooledConnection
org_apache_activemq_usecases_TopicProducerDurableSubFlowControlTest,org_apache_activemq_usecases_TopicProducerDurableSubFlowControlTest_tearDown,org_apache_activemq_broker_BrokerService
org_apache_activemq_broker_jmx_JMXRemoveDurableSubscriberTest,org_apache_activemq_broker_jmx_JMXRemoveDurableSubscriberTest_setUp,org_apache_activemq_broker_BrokerService
org_apache_activemq_broker_region_QueueOptimizedDispatchExceptionTest,org_apache_activemq_broker_region_QueueOptimizedDispatchExceptionTest_setUp,org_apache_activemq_broker_BrokerService
org_apache_activemq_broker_region_SubscriptionAddRemoveQueueTest,org_apache_activemq_broker_region_SubscriptionAddRemoveQueueTest_tearDown,org_apache_activemq_broker_BrokerService
org_apache_activemq_proxy_AMQ4889Test,org_apache_activemq_proxy_AMQ4889Test_tearDown,org_apache_activemq_broker_BrokerService
org_apache_activemq_JmsMessageConsumerTest,org_apache_activemq_JmsMessageConsumerTest_startBroker,org_apache_activemq_broker_BrokerService
org_apache_activemq_usecases_AdvisoryTopicCleanUpTest,org_apache_activemq_usecases_AdvisoryTopicCleanUpTest_createBroker,org_apache_activemq_broker_region_policy_PolicyEntry
org_apache_activemq_transport_discovery_http_HttpDiscoveryTest,org_apache_activemq_transport_discovery_http_HttpDiscoveryTest_setUp,org_apache_activemq_broker_BrokerService
org_apache_activemq_leveldb_test_PListTest,org_apache_activemq_leveldb_test_PListTest_setUp,org_apache_activemq_broker_BrokerService
org_apache_activemq_transport_failover_FailoverTimeoutTest,org_apache_activemq_transport_failover_FailoverTimeoutTest_setUp,org_apache_activemq_broker_BrokerService
org_apache_activemq_store_kahadb_AMQ5626Test,org_apache_activemq_store_kahadb_AMQ5626Test_createBroker,org_apache_activemq_broker_BrokerService
org_apache_activemq_usecases_DurableSubscriptionActivationTest,org_apache_activemq_usecases_DurableSubscriptionActivationTest_createBroker,org_apache_activemq_broker_BrokerService
org_apache_activemq_jmx_OpenTypeSupportTest,org_apache_activemq_jmx_OpenTypeSupportTest_tearDown,org_apache_activemq_broker_BrokerService
org_apache_activemq_transport_amqp_AmqpAndMqttTest,org_apache_activemq_transport_amqp_AmqpAndMqttTest_tearDown,org_apache_activemq_broker_BrokerService
org_apache_activemq_transport_amqp_AmqpAndStompInteropTest,org_apache_activemq_transport_amqp_AmqpAndStompInteropTest_createBroker,org_apache_activemq_broker_BrokerService
org_apache_activemq_broker_region_cursors_AbstractStoreCursor,org_apache_activemq_broker_region_cursors_AbstractStoreCursor_canEnableCash,org_apache_activemq_broker_region_cursors_AbstractPendingMessageCursor
org_apache_activemq_broker_region_cursors_StoreBasedCursorTest,org_apache_activemq_broker_region_cursors_StoreBasedCursorTest_start,org_apache_activemq_ActiveMQConnectionFactory
org_apache_activemq_bugs_AMQ5893Test,org_apache_activemq_bugs_AMQ5893Test_startBroker,org_apache_activemq_broker_BrokerService
org_apache_activemq_bugs_JMSQueueBrowserPriorityTest,org_apache_activemq_bugs_JMSQueueBrowserPriorityTest_createBroker,org_apache_activemq_broker_region_policy_PolicyEntry
org_apache_activemq_store_kahadb_JournalMetaDataCheckpointTest,org_apache_activemq_store_kahadb_JournalMetaDataCheckpointTest_tearDown,org_apache_activemq_broker_BrokerService
org_apache_activemq_usecases_DurableConsumerCloseAndReconnectTest,org_apache_activemq_usecases_DurableConsumerCloseAndReconnectTest_createBroker,org_apache_activemq_broker_BrokerService
